group,function,value,throughput_num,throughput_type,sample_measured_value,unit,iteration_count
map operations,HashMap,50,,,1053728.0,ns,69
map operations,HashMap,50,,,2044257.0,ns,138
map operations,HashMap,50,,,2890261.0,ns,207
map operations,HashMap,50,,,3929730.0,ns,276
map operations,HashMap,50,,,5743879.0,ns,345
map operations,HashMap,50,,,6763490.0,ns,414
map operations,HashMap,50,,,7831478.0,ns,483
map operations,HashMap,50,,,8683410.0,ns,552
map operations,HashMap,50,,,9255296.0,ns,621
map operations,HashMap,50,,,10934582.0,ns,690
map operations,HashMap,50,,,11331374.0,ns,759
map operations,HashMap,50,,,12325615.0,ns,828
map operations,HashMap,50,,,12940987.0,ns,897
map operations,HashMap,50,,,14094150.0,ns,966
map operations,HashMap,50,,,16157220.0,ns,1035
map operations,HashMap,50,,,15448396.0,ns,1104
map operations,HashMap,50,,,16650496.0,ns,1173
map operations,HashMap,50,,,17526931.0,ns,1242
map operations,HashMap,50,,,19063194.0,ns,1311
map operations,HashMap,50,,,19520779.0,ns,1380
map operations,HashMap,50,,,21395716.0,ns,1449
map operations,HashMap,50,,,21487350.0,ns,1518
map operations,HashMap,50,,,22401224.0,ns,1587
map operations,HashMap,50,,,23728052.0,ns,1656
map operations,HashMap,50,,,24417794.0,ns,1725
map operations,HashMap,50,,,25531982.0,ns,1794
map operations,HashMap,50,,,28298322.0,ns,1863
map operations,HashMap,50,,,28315796.0,ns,1932
map operations,HashMap,50,,,29604172.0,ns,2001
map operations,HashMap,50,,,29621595.0,ns,2070
map operations,HashMap,50,,,30896370.0,ns,2139
map operations,HashMap,50,,,31557067.0,ns,2208
map operations,HashMap,50,,,32538055.0,ns,2277
map operations,HashMap,50,,,33237394.0,ns,2346
map operations,HashMap,50,,,34623121.0,ns,2415
map operations,HashMap,50,,,35992454.0,ns,2484
map operations,HashMap,50,,,35998157.0,ns,2553
map operations,HashMap,50,,,37547325.0,ns,2622
map operations,HashMap,50,,,39885453.0,ns,2691
map operations,HashMap,50,,,39469184.0,ns,2760
map operations,HashMap,50,,,40651679.0,ns,2829
map operations,HashMap,50,,,41019509.0,ns,2898
map operations,HashMap,50,,,42179323.0,ns,2967
map operations,HashMap,50,,,42585018.0,ns,3036
map operations,HashMap,50,,,46285062.0,ns,3105
map operations,HashMap,50,,,46062252.0,ns,3174
map operations,HashMap,50,,,47242597.0,ns,3243
map operations,HashMap,50,,,50344310.0,ns,3312
map operations,HashMap,50,,,48542052.0,ns,3381
map operations,HashMap,50,,,49200771.0,ns,3450
map operations,HashMap,50,,,49935236.0,ns,3519
map operations,HashMap,50,,,59173972.0,ns,3588
map operations,HashMap,50,,,51690093.0,ns,3657
map operations,HashMap,50,,,53512388.0,ns,3726
map operations,HashMap,50,,,54488546.0,ns,3795
map operations,HashMap,50,,,55945457.0,ns,3864
map operations,HashMap,50,,,58973559.0,ns,3933
map operations,HashMap,50,,,56593533.0,ns,4002
map operations,HashMap,50,,,58764983.0,ns,4071
map operations,HashMap,50,,,58621826.0,ns,4140
map operations,HashMap,50,,,59875526.0,ns,4209
map operations,HashMap,50,,,60459340.0,ns,4278
map operations,HashMap,50,,,62489197.0,ns,4347
map operations,HashMap,50,,,62764898.0,ns,4416
map operations,HashMap,50,,,64802510.0,ns,4485
map operations,HashMap,50,,,64916610.0,ns,4554
map operations,HashMap,50,,,69366872.0,ns,4623
map operations,HashMap,50,,,66992858.0,ns,4692
map operations,HashMap,50,,,67525588.0,ns,4761
map operations,HashMap,50,,,68099350.0,ns,4830
map operations,HashMap,50,,,71217772.0,ns,4899
map operations,HashMap,50,,,70500750.0,ns,4968
map operations,HashMap,50,,,72149172.0,ns,5037
map operations,HashMap,50,,,74775952.0,ns,5106
map operations,HashMap,50,,,76160101.0,ns,5175
map operations,HashMap,50,,,75037116.0,ns,5244
map operations,HashMap,50,,,75903906.0,ns,5313
map operations,HashMap,50,,,76691787.0,ns,5382
map operations,HashMap,50,,,78950908.0,ns,5451
map operations,HashMap,50,,,79424830.0,ns,5520
map operations,HashMap,50,,,80359024.0,ns,5589
map operations,HashMap,50,,,88943673.0,ns,5658
map operations,HashMap,50,,,83936122.0,ns,5727
map operations,HashMap,50,,,82941987.0,ns,5796
map operations,HashMap,50,,,83533270.0,ns,5865
map operations,HashMap,50,,,84666676.0,ns,5934
map operations,HashMap,50,,,86589346.0,ns,6003
map operations,HashMap,50,,,85467499.0,ns,6072
map operations,HashMap,50,,,87433128.0,ns,6141
map operations,HashMap,50,,,92548537.0,ns,6210
map operations,HashMap,50,,,90812609.0,ns,6279
map operations,HashMap,50,,,90333241.0,ns,6348
map operations,HashMap,50,,,91827091.0,ns,6417
map operations,HashMap,50,,,91428531.0,ns,6486
map operations,HashMap,50,,,93254126.0,ns,6555
map operations,HashMap,50,,,95623078.0,ns,6624
map operations,HashMap,50,,,94620757.0,ns,6693
map operations,HashMap,50,,,97778452.0,ns,6762
map operations,HashMap,50,,,97633096.0,ns,6831
map operations,HashMap,50,,,99552712.0,ns,6900
