{"mean":{"confidence_interval":{"confidence_level":0.95,"lower_bound":222318.3829088325,"upper_bound":225980.96069136405},"point_estimate":223985.29489409245,"standard_error":938.5451243636047},"median":{"confidence_interval":{"confidence_level":0.95,"lower_bound":220037.0,"upper_bound":221882.78461538462},"point_estimate":221009.88877192984,"standard_error":486.11950654183914},"median_abs_dev":{"confidence_interval":{"confidence_level":0.95,"lower_bound":2494.3259435739933,"upper_bound":4852.795842640746},"point_estimate":3672.4377062794574,"standard_error":592.1077353064403},"slope":{"confidence_interval":{"confidence_level":0.95,"lower_bound":221810.73583971412,"upper_bound":225058.46859987915},"point_estimate":223318.3521856066,"standard_error":828.4275847798067},"std_dev":{"confidence_interval":{"confidence_level":0.95,"lower_bound":5742.200333898926,"upper_bound":13393.121663660842},"point_estimate":9437.254753758327,"standard_error":2156.028610049337}}