group,function,value,throughput_num,throughput_type,sample_measured_value,unit,iteration_count
get,BSTMap,1000,,,1100185.0,ns,5
get,BSTMap,1000,,,2092686.0,ns,10
get,BSTMap,1000,,,3243577.0,ns,15
get,BSTMap,1000,,,4584328.0,ns,20
get,BSTMap,1000,,,5893115.0,ns,25
get,BSTMap,1000,,,7055759.0,ns,30
get,BSTMap,1000,,,8166906.0,ns,35
get,BSTMap,1000,,,9233592.0,ns,40
get,BSTMap,1000,,,10815933.0,ns,45
get,BSTMap,1000,,,11839499.0,ns,50
get,BSTMap,1000,,,12871997.0,ns,55
get,BSTMap,1000,,,14290601.0,ns,60
get,BSTMap,1000,,,14422381.0,ns,65
get,BSTMap,1000,,,15626299.0,ns,70
get,BSTMap,1000,,,16573630.0,ns,75
get,BSTMap,1000,,,17588950.0,ns,80
get,BSTMap,1000,,,18497631.0,ns,85
get,BSTMap,1000,,,19622688.0,ns,90
get,BSTMap,1000,,,20860496.0,ns,95
get,BSTMap,1000,,,21581387.0,ns,100
get,BSTMap,1000,,,22792321.0,ns,105
get,BSTMap,1000,,,23915393.0,ns,110
get,BSTMap,1000,,,25149897.0,ns,115
get,BSTMap,1000,,,26094362.0,ns,120
get,BSTMap,1000,,,27440971.0,ns,125
get,BSTMap,1000,,,28344258.0,ns,130
get,BSTMap,1000,,,30052157.0,ns,135
get,BSTMap,1000,,,30482313.0,ns,140
get,BSTMap,1000,,,33256705.0,ns,145
get,BSTMap,1000,,,43153029.0,ns,150
get,BSTMap,1000,,,35425467.0,ns,155
get,BSTMap,1000,,,35475697.0,ns,160
get,BSTMap,1000,,,35949487.0,ns,165
get,BSTMap,1000,,,37401082.0,ns,170
get,BSTMap,1000,,,38536448.0,ns,175
get,BSTMap,1000,,,39019544.0,ns,180
get,BSTMap,1000,,,40404019.0,ns,185
get,BSTMap,1000,,,41651849.0,ns,190
get,BSTMap,1000,,,43073367.0,ns,195
get,BSTMap,1000,,,44798361.0,ns,200
get,BSTMap,1000,,,44847817.0,ns,205
get,BSTMap,1000,,,46029259.0,ns,210
get,BSTMap,1000,,,47219575.0,ns,215
get,BSTMap,1000,,,49180119.0,ns,220
get,BSTMap,1000,,,53531484.0,ns,225
get,BSTMap,1000,,,51011099.0,ns,230
get,BSTMap,1000,,,51707604.0,ns,235
get,BSTMap,1000,,,52527084.0,ns,240
get,BSTMap,1000,,,53501530.0,ns,245
get,BSTMap,1000,,,55414225.0,ns,250
get,BSTMap,1000,,,57278245.0,ns,255
get,BSTMap,1000,,,57287121.0,ns,260
get,BSTMap,1000,,,63565079.0,ns,265
get,BSTMap,1000,,,60122162.0,ns,270
get,BSTMap,1000,,,61396197.0,ns,275
get,BSTMap,1000,,,63382152.0,ns,280
get,BSTMap,1000,,,63011558.0,ns,285
get,BSTMap,1000,,,64220557.0,ns,290
get,BSTMap,1000,,,64813067.0,ns,295
get,BSTMap,1000,,,66797095.0,ns,300
get,BSTMap,1000,,,68374377.0,ns,305
get,BSTMap,1000,,,67977899.0,ns,310
get,BSTMap,1000,,,68871104.0,ns,315
get,BSTMap,1000,,,71021848.0,ns,320
get,BSTMap,1000,,,76183726.0,ns,325
get,BSTMap,1000,,,74922343.0,ns,330
get,BSTMap,1000,,,84816065.0,ns,335
get,BSTMap,1000,,,78140032.0,ns,340
get,BSTMap,1000,,,75521057.0,ns,345
get,BSTMap,1000,,,76485919.0,ns,350
get,BSTMap,1000,,,78580218.0,ns,355
get,BSTMap,1000,,,82371713.0,ns,360
get,BSTMap,1000,,,80690433.0,ns,365
get,BSTMap,1000,,,81629558.0,ns,370
get,BSTMap,1000,,,82701658.0,ns,375
get,BSTMap,1000,,,84571548.0,ns,380
get,BSTMap,1000,,,84640272.0,ns,385
get,BSTMap,1000,,,88618612.0,ns,390
get,BSTMap,1000,,,89286947.0,ns,395
get,BSTMap,1000,,,94819328.0,ns,400
get,BSTMap,1000,,,88671258.0,ns,405
get,BSTMap,1000,,,89701179.0,ns,410
get,BSTMap,1000,,,90620166.0,ns,415
get,BSTMap,1000,,,92539990.0,ns,420
get,BSTMap,1000,,,93757558.0,ns,425
get,BSTMap,1000,,,96661701.0,ns,430
get,BSTMap,1000,,,95224391.0,ns,435
get,BSTMap,1000,,,96230400.0,ns,440
get,BSTMap,1000,,,98471233.0,ns,445
get,BSTMap,1000,,,107496872.0,ns,450
get,BSTMap,1000,,,99258819.0,ns,455
get,BSTMap,1000,,,102803214.0,ns,460
get,BSTMap,1000,,,103352089.0,ns,465
get,BSTMap,1000,,,102676742.0,ns,470
get,BSTMap,1000,,,104993071.0,ns,475
get,BSTMap,1000,,,105635992.0,ns,480
get,BSTMap,1000,,,105932166.0,ns,485
get,BSTMap,1000,,,109690086.0,ns,490
get,BSTMap,1000,,,108855440.0,ns,495
get,BSTMap,1000,,,115504595.0,ns,500
