{"mean":{"confidence_interval":{"confidence_level":0.95,"lower_bound":970953.650646848,"upper_bound":989724.9542835042},"point_estimate":978941.7781584277,"standard_error":4867.525999499364},"median":{"confidence_interval":{"confidence_level":0.95,"lower_bound":964135.817513369,"upper_bound":969572.4125},"point_estimate":968541.4087331335,"standard_error":1682.9702832348137},"median_abs_dev":{"confidence_interval":{"confidence_level":0.95,"lower_bound":9081.874671718515,"upper_bound":14714.660144531781},"point_estimate":11580.894332141714,"standard_error":1420.5076329259466},"slope":{"confidence_interval":{"confidence_level":0.95,"lower_bound":966752.2235002471,"upper_bound":977440.9868830211},"point_estimate":971653.806039604,"standard_error":2742.7893664241487},"std_dev":{"confidence_interval":{"confidence_level":0.95,"lower_bound":21371.170323056445,"upper_bound":75832.11801804735},"point_estimate":48936.104840424865,"standard_error":16645.419644159436}}