group,function,value,throughput_num,throughput_type,sample_measured_value,unit,iteration_count
map operations,BTreeMap,2000,,,2010092.0,ns,2
map operations,BTreeMap,2000,,,3730195.0,ns,4
map operations,BTreeMap,2000,,,5828396.0,ns,6
map operations,BTreeMap,2000,,,11054390.0,ns,8
map operations,BTreeMap,2000,,,10762541.0,ns,10
map operations,BTreeMap,2000,,,12151512.0,ns,12
map operations,BTreeMap,2000,,,14810851.0,ns,14
map operations,BTreeMap,2000,,,16658627.0,ns,16
map operations,BTreeMap,2000,,,18829034.0,ns,18
map operations,BTreeMap,2000,,,19673612.0,ns,20
map operations,BTreeMap,2000,,,21319546.0,ns,22
map operations,BTreeMap,2000,,,23950238.0,ns,24
map operations,BTreeMap,2000,,,25466357.0,ns,26
map operations,BTreeMap,2000,,,26869513.0,ns,28
map operations,BTreeMap,2000,,,28549846.0,ns,30
map operations,BTreeMap,2000,,,31303779.0,ns,32
map operations,BTreeMap,2000,,,34685429.0,ns,34
map operations,BTreeMap,2000,,,34753589.0,ns,36
map operations,BTreeMap,2000,,,36495030.0,ns,38
map operations,BTreeMap,2000,,,38980459.0,ns,40
map operations,BTreeMap,2000,,,40568884.0,ns,42
map operations,BTreeMap,2000,,,42677564.0,ns,44
map operations,BTreeMap,2000,,,44826853.0,ns,46
map operations,BTreeMap,2000,,,46131324.0,ns,48
map operations,BTreeMap,2000,,,48637362.0,ns,50
map operations,BTreeMap,2000,,,49970757.0,ns,52
map operations,BTreeMap,2000,,,51429559.0,ns,54
map operations,BTreeMap,2000,,,54956817.0,ns,56
map operations,BTreeMap,2000,,,56157963.0,ns,58
map operations,BTreeMap,2000,,,57289879.0,ns,60
map operations,BTreeMap,2000,,,61634945.0,ns,62
map operations,BTreeMap,2000,,,61731368.0,ns,64
map operations,BTreeMap,2000,,,63107051.0,ns,66
map operations,BTreeMap,2000,,,65887170.0,ns,68
map operations,BTreeMap,2000,,,68283021.0,ns,70
map operations,BTreeMap,2000,,,69799631.0,ns,72
map operations,BTreeMap,2000,,,70788880.0,ns,74
map operations,BTreeMap,2000,,,73638419.0,ns,76
map operations,BTreeMap,2000,,,74671584.0,ns,78
map operations,BTreeMap,2000,,,77565793.0,ns,80
map operations,BTreeMap,2000,,,88613469.0,ns,82
map operations,BTreeMap,2000,,,80687389.0,ns,84
map operations,BTreeMap,2000,,,82452738.0,ns,86
map operations,BTreeMap,2000,,,84757450.0,ns,88
map operations,BTreeMap,2000,,,87465256.0,ns,90
map operations,BTreeMap,2000,,,89133471.0,ns,92
map operations,BTreeMap,2000,,,90108391.0,ns,94
map operations,BTreeMap,2000,,,91121024.0,ns,96
map operations,BTreeMap,2000,,,93759595.0,ns,98
map operations,BTreeMap,2000,,,97456723.0,ns,100
map operations,BTreeMap,2000,,,97731682.0,ns,102
map operations,BTreeMap,2000,,,99670005.0,ns,104
map operations,BTreeMap,2000,,,101186023.0,ns,106
map operations,BTreeMap,2000,,,102956097.0,ns,108
map operations,BTreeMap,2000,,,106491129.0,ns,110
map operations,BTreeMap,2000,,,107620380.0,ns,112
map operations,BTreeMap,2000,,,109689972.0,ns,114
map operations,BTreeMap,2000,,,111467101.0,ns,116
map operations,BTreeMap,2000,,,113947159.0,ns,118
map operations,BTreeMap,2000,,,116889457.0,ns,120
map operations,BTreeMap,2000,,,127491676.0,ns,122
map operations,BTreeMap,2000,,,120155958.0,ns,124
map operations,BTreeMap,2000,,,120388422.0,ns,126
map operations,BTreeMap,2000,,,124658363.0,ns,128
map operations,BTreeMap,2000,,,125530402.0,ns,130
map operations,BTreeMap,2000,,,126226076.0,ns,132
map operations,BTreeMap,2000,,,128926603.0,ns,134
map operations,BTreeMap,2000,,,131641628.0,ns,136
map operations,BTreeMap,2000,,,133790127.0,ns,138
map operations,BTreeMap,2000,,,138372508.0,ns,140
map operations,BTreeMap,2000,,,136575153.0,ns,142
map operations,BTreeMap,2000,,,137929396.0,ns,144
map operations,BTreeMap,2000,,,139785075.0,ns,146
map operations,BTreeMap,2000,,,142742585.0,ns,148
map operations,BTreeMap,2000,,,144249713.0,ns,150
map operations,BTreeMap,2000,,,161348294.0,ns,152
map operations,BTreeMap,2000,,,150408286.0,ns,154
map operations,BTreeMap,2000,,,151220150.0,ns,156
map operations,BTreeMap,2000,,,154535877.0,ns,158
map operations,BTreeMap,2000,,,153052333.0,ns,160
map operations,BTreeMap,2000,,,155883620.0,ns,162
map operations,BTreeMap,2000,,,159011977.0,ns,164
map operations,BTreeMap,2000,,,158945938.0,ns,166
map operations,BTreeMap,2000,,,163488825.0,ns,168
map operations,BTreeMap,2000,,,164070195.0,ns,170
map operations,BTreeMap,2000,,,166763149.0,ns,172
map operations,BTreeMap,2000,,,168958648.0,ns,174
map operations,BTreeMap,2000,,,171043806.0,ns,176
map operations,BTreeMap,2000,,,179094603.0,ns,178
map operations,BTreeMap,2000,,,172628480.0,ns,180
map operations,BTreeMap,2000,,,177949149.0,ns,182
map operations,BTreeMap,2000,,,176922020.0,ns,184
map operations,BTreeMap,2000,,,180806170.0,ns,186
map operations,BTreeMap,2000,,,183041514.0,ns,188
map operations,BTreeMap,2000,,,183027010.0,ns,190
map operations,BTreeMap,2000,,,187427182.0,ns,192
map operations,BTreeMap,2000,,,185371562.0,ns,194
map operations,BTreeMap,2000,,,188050745.0,ns,196
map operations,BTreeMap,2000,,,190480076.0,ns,198
map operations,BTreeMap,2000,,,204345926.0,ns,200
