{"mean":{"confidence_interval":{"confidence_level":0.95,"lower_bound":97392.05495636103,"upper_bound":98682.89958174332},"point_estimate":97990.8277135436,"standard_error":329.08345102631785},"median":{"confidence_interval":{"confidence_level":0.95,"lower_bound":96627.04014167651,"upper_bound":97193.0240727987},"point_estimate":96927.23273904633,"standard_error":138.6965448260863},"median_abs_dev":{"confidence_interval":{"confidence_level":0.95,"lower_bound":857.9716954613266,"upper_bound":1755.0972187343725},"point_estimate":1245.144754753766,"standard_error":213.80291856161},"slope":{"confidence_interval":{"confidence_level":0.95,"lower_bound":97136.84856523987,"upper_bound":98441.10777288975},"point_estimate":97720.47637868265,"standard_error":335.26756800586713},"std_dev":{"confidence_interval":{"confidence_level":0.95,"lower_bound":2101.0080783320104,"upper_bound":4519.457004750637},"point_estimate":3317.2286456572588,"standard_error":637.3964213950678}}