group,function,value,throughput_num,throughput_type,sample_measured_value,unit,iteration_count
get,BTreeMap,1000,,,1097738.0,ns,11
get,BTreeMap,1000,,,2043360.0,ns,22
get,BTreeMap,1000,,,3177647.0,ns,33
get,BTreeMap,1000,,,4629994.0,ns,44
get,BTreeMap,1000,,,5626954.0,ns,55
get,BTreeMap,1000,,,6657850.0,ns,66
get,BTreeMap,1000,,,8176401.0,ns,77
get,BTreeMap,1000,,,8944423.0,ns,88
get,BTreeMap,1000,,,10035743.0,ns,99
get,BTreeMap,1000,,,11399463.0,ns,110
get,BTreeMap,1000,,,12180991.0,ns,121
get,BTreeMap,1000,,,13429672.0,ns,132
get,BTreeMap,1000,,,13620694.0,ns,143
get,BTreeMap,1000,,,14784261.0,ns,154
get,BTreeMap,1000,,,15882792.0,ns,165
get,BTreeMap,1000,,,17345157.0,ns,176
get,BTreeMap,1000,,,18147394.0,ns,187
get,BTreeMap,1000,,,19005927.0,ns,198
get,BTreeMap,1000,,,20192174.0,ns,209
get,BTreeMap,1000,,,21289093.0,ns,220
get,BTreeMap,1000,,,21846506.0,ns,231
get,BTreeMap,1000,,,23443650.0,ns,242
get,BTreeMap,1000,,,24527215.0,ns,253
get,BTreeMap,1000,,,25728032.0,ns,264
get,BTreeMap,1000,,,26437357.0,ns,275
get,BTreeMap,1000,,,27942055.0,ns,286
get,BTreeMap,1000,,,28507136.0,ns,297
get,BTreeMap,1000,,,29840913.0,ns,308
get,BTreeMap,1000,,,31399152.0,ns,319
get,BTreeMap,1000,,,32468157.0,ns,330
get,BTreeMap,1000,,,32823567.0,ns,341
get,BTreeMap,1000,,,33504591.0,ns,352
get,BTreeMap,1000,,,34592084.0,ns,363
get,BTreeMap,1000,,,36031055.0,ns,374
get,BTreeMap,1000,,,37193504.0,ns,385
get,BTreeMap,1000,,,46673753.0,ns,396
get,BTreeMap,1000,,,39262086.0,ns,407
get,BTreeMap,1000,,,40654135.0,ns,418
get,BTreeMap,1000,,,41686189.0,ns,429
get,BTreeMap,1000,,,42260960.0,ns,440
get,BTreeMap,1000,,,42989449.0,ns,451
get,BTreeMap,1000,,,44418844.0,ns,462
get,BTreeMap,1000,,,45160595.0,ns,473
get,BTreeMap,1000,,,47208320.0,ns,484
get,BTreeMap,1000,,,49823104.0,ns,495
get,BTreeMap,1000,,,49973294.0,ns,506
get,BTreeMap,1000,,,50101928.0,ns,517
get,BTreeMap,1000,,,51011268.0,ns,528
get,BTreeMap,1000,,,52268755.0,ns,539
get,BTreeMap,1000,,,55209724.0,ns,550
get,BTreeMap,1000,,,55984883.0,ns,561
get,BTreeMap,1000,,,55135613.0,ns,572
get,BTreeMap,1000,,,56589794.0,ns,583
get,BTreeMap,1000,,,56640948.0,ns,594
get,BTreeMap,1000,,,60312791.0,ns,605
get,BTreeMap,1000,,,63295850.0,ns,616
get,BTreeMap,1000,,,60629582.0,ns,627
get,BTreeMap,1000,,,62415689.0,ns,638
get,BTreeMap,1000,,,62316032.0,ns,649
get,BTreeMap,1000,,,63320733.0,ns,660
get,BTreeMap,1000,,,64921733.0,ns,671
get,BTreeMap,1000,,,65569275.0,ns,682
get,BTreeMap,1000,,,66577608.0,ns,693
get,BTreeMap,1000,,,67919212.0,ns,704
get,BTreeMap,1000,,,70853657.0,ns,715
get,BTreeMap,1000,,,70967416.0,ns,726
get,BTreeMap,1000,,,71194038.0,ns,737
get,BTreeMap,1000,,,71449423.0,ns,748
get,BTreeMap,1000,,,73114020.0,ns,759
get,BTreeMap,1000,,,76449275.0,ns,770
get,BTreeMap,1000,,,85863776.0,ns,781
get,BTreeMap,1000,,,76354194.0,ns,792
get,BTreeMap,1000,,,79840028.0,ns,803
get,BTreeMap,1000,,,78468014.0,ns,814
get,BTreeMap,1000,,,79704720.0,ns,825
get,BTreeMap,1000,,,81872527.0,ns,836
get,BTreeMap,1000,,,81843103.0,ns,847
get,BTreeMap,1000,,,82952490.0,ns,858
get,BTreeMap,1000,,,84301104.0,ns,869
get,BTreeMap,1000,,,86962751.0,ns,880
get,BTreeMap,1000,,,86542756.0,ns,891
get,BTreeMap,1000,,,88113401.0,ns,902
get,BTreeMap,1000,,,88807319.0,ns,913
get,BTreeMap,1000,,,89803193.0,ns,924
get,BTreeMap,1000,,,90411845.0,ns,935
get,BTreeMap,1000,,,91289981.0,ns,946
get,BTreeMap,1000,,,95647744.0,ns,957
get,BTreeMap,1000,,,94143935.0,ns,968
get,BTreeMap,1000,,,94215613.0,ns,979
get,BTreeMap,1000,,,96063997.0,ns,990
get,BTreeMap,1000,,,95992228.0,ns,1001
get,BTreeMap,1000,,,97142809.0,ns,1012
get,BTreeMap,1000,,,101213241.0,ns,1023
get,BTreeMap,1000,,,109502623.0,ns,1034
get,BTreeMap,1000,,,100539933.0,ns,1045
get,BTreeMap,1000,,,102381514.0,ns,1056
get,BTreeMap,1000,,,102374678.0,ns,1067
get,BTreeMap,1000,,,104462162.0,ns,1078
get,BTreeMap,1000,,,107281273.0,ns,1089
get,BTreeMap,1000,,,107507232.0,ns,1100
