{"mean":{"confidence_interval":{"confidence_level":0.95,"lower_bound":1540.2278337852383,"upper_bound":1561.730408034102},"point_estimate":1550.245121794202,"standard_error":5.49102038302699},"median":{"confidence_interval":{"confidence_level":0.95,"lower_bound":1528.6387071843478,"upper_bound":1542.3229639798958},"point_estimate":1532.3388923528141,"standard_error":4.318385079727923},"median_abs_dev":{"confidence_interval":{"confidence_level":0.95,"lower_bound":16.46955435026027,"upper_bound":31.86341418653319},"point_estimate":22.745826961801267,"standard_error":4.080370988566258},"slope":{"confidence_interval":{"confidence_level":0.95,"lower_bound":1532.2509988293725,"upper_bound":1550.1268493795058},"point_estimate":1540.0747743517031,"standard_error":4.585390411167481},"std_dev":{"confidence_interval":{"confidence_level":0.95,"lower_bound":34.56099248248534,"upper_bound":73.05714435891953},"point_estimate":55.23108441466426,"standard_error":9.834264366950691}}