group,function,value,throughput_num,throughput_type,sample_measured_value,unit,iteration_count
get,BTreeMap,50,,,952306.0,ns,632
get,BTreeMap,50,,,1854573.0,ns,1264
get,BTreeMap,50,,,2774290.0,ns,1896
get,BTreeMap,50,,,3860885.0,ns,2528
get,BTreeMap,50,,,5778555.0,ns,3160
get,BTreeMap,50,,,5928918.0,ns,3792
get,BTreeMap,50,,,7387548.0,ns,4424
get,BTreeMap,50,,,7982344.0,ns,5056
get,BTreeMap,50,,,9467637.0,ns,5688
get,BTreeMap,50,,,10567392.0,ns,6320
get,BTreeMap,50,,,11281051.0,ns,6952
get,BTreeMap,50,,,12198150.0,ns,7584
get,BTreeMap,50,,,12886764.0,ns,8216
get,BTreeMap,50,,,13817117.0,ns,8848
get,BTreeMap,50,,,14647830.0,ns,9480
get,BTreeMap,50,,,16074757.0,ns,10112
get,BTreeMap,50,,,17263123.0,ns,10744
get,BTreeMap,50,,,17833126.0,ns,11376
get,BTreeMap,50,,,18566108.0,ns,12008
get,BTreeMap,50,,,19339745.0,ns,12640
get,BTreeMap,50,,,20220846.0,ns,13272
get,BTreeMap,50,,,21081978.0,ns,13904
get,BTreeMap,50,,,22650014.0,ns,14536
get,BTreeMap,50,,,23726131.0,ns,15168
get,BTreeMap,50,,,24410133.0,ns,15800
get,BTreeMap,50,,,26702366.0,ns,16432
get,BTreeMap,50,,,26435948.0,ns,17064
get,BTreeMap,50,,,27068415.0,ns,17696
get,BTreeMap,50,,,28016506.0,ns,18328
get,BTreeMap,50,,,28528671.0,ns,18960
get,BTreeMap,50,,,30341074.0,ns,19592
get,BTreeMap,50,,,31105865.0,ns,20224
get,BTreeMap,50,,,32297755.0,ns,20856
get,BTreeMap,50,,,34126548.0,ns,21488
get,BTreeMap,50,,,33551030.0,ns,22120
get,BTreeMap,50,,,35621059.0,ns,22752
get,BTreeMap,50,,,35613846.0,ns,23384
get,BTreeMap,50,,,36530806.0,ns,24016
get,BTreeMap,50,,,37379887.0,ns,24648
get,BTreeMap,50,,,38438598.0,ns,25280
get,BTreeMap,50,,,39884440.0,ns,25912
get,BTreeMap,50,,,40058616.0,ns,26544
get,BTreeMap,50,,,41597725.0,ns,27176
get,BTreeMap,50,,,43707685.0,ns,27808
get,BTreeMap,50,,,43378058.0,ns,28440
get,BTreeMap,50,,,44570184.0,ns,29072
get,BTreeMap,50,,,45894565.0,ns,29704
get,BTreeMap,50,,,54979704.0,ns,30336
get,BTreeMap,50,,,47285655.0,ns,30968
get,BTreeMap,50,,,48376230.0,ns,31600
get,BTreeMap,50,,,49477881.0,ns,32232
get,BTreeMap,50,,,50006947.0,ns,32864
get,BTreeMap,50,,,51037173.0,ns,33496
get,BTreeMap,50,,,51750536.0,ns,34128
get,BTreeMap,50,,,52348437.0,ns,34760
get,BTreeMap,50,,,56343879.0,ns,35392
get,BTreeMap,50,,,54881613.0,ns,36024
get,BTreeMap,50,,,55981075.0,ns,36656
get,BTreeMap,50,,,57896355.0,ns,37288
get,BTreeMap,50,,,57932767.0,ns,37920
get,BTreeMap,50,,,58717163.0,ns,38552
get,BTreeMap,50,,,59866735.0,ns,39184
get,BTreeMap,50,,,59818276.0,ns,39816
get,BTreeMap,50,,,61513050.0,ns,40448
get,BTreeMap,50,,,63337495.0,ns,41080
get,BTreeMap,50,,,65826154.0,ns,41712
get,BTreeMap,50,,,64755145.0,ns,42344
get,BTreeMap,50,,,66180497.0,ns,42976
get,BTreeMap,50,,,66150190.0,ns,43608
get,BTreeMap,50,,,67627451.0,ns,44240
get,BTreeMap,50,,,68283401.0,ns,44872
get,BTreeMap,50,,,70987312.0,ns,45504
get,BTreeMap,50,,,71103293.0,ns,46136
get,BTreeMap,50,,,71975798.0,ns,46768
get,BTreeMap,50,,,74980083.0,ns,47400
get,BTreeMap,50,,,72867725.0,ns,48032
get,BTreeMap,50,,,75798336.0,ns,48664
get,BTreeMap,50,,,75052910.0,ns,49296
get,BTreeMap,50,,,76468786.0,ns,49928
get,BTreeMap,50,,,86760986.0,ns,50560
get,BTreeMap,50,,,77337210.0,ns,51192
get,BTreeMap,50,,,81394253.0,ns,51824
get,BTreeMap,50,,,81191051.0,ns,52456
get,BTreeMap,50,,,80928907.0,ns,53088
get,BTreeMap,50,,,82885963.0,ns,53720
get,BTreeMap,50,,,82606620.0,ns,54352
get,BTreeMap,50,,,83586551.0,ns,54984
get,BTreeMap,50,,,84453082.0,ns,55616
get,BTreeMap,50,,,85988937.0,ns,56248
get,BTreeMap,50,,,88945725.0,ns,56880
get,BTreeMap,50,,,87916275.0,ns,57512
get,BTreeMap,50,,,88891968.0,ns,58144
get,BTreeMap,50,,,89662726.0,ns,58776
get,BTreeMap,50,,,90131849.0,ns,59408
get,BTreeMap,50,,,90876459.0,ns,60040
get,BTreeMap,50,,,93933050.0,ns,60672
get,BTreeMap,50,,,95344606.0,ns,61304
get,BTreeMap,50,,,95113611.0,ns,61936
get,BTreeMap,50,,,94786821.0,ns,62568
get,BTreeMap,50,,,97436725.0,ns,63200
