{"mean":{"confidence_interval":{"confidence_level":0.95,"lower_bound":28022.065201649213,"upper_bound":29035.71936655188},"point_estimate":28450.3808047985,"standard_error":262.0883955137065},"median":{"confidence_interval":{"confidence_level":0.95,"lower_bound":27724.70700152207,"upper_bound":27964.624113475176},"point_estimate":27847.691929242676,"standard_error":52.32058338202524},"median_abs_dev":{"confidence_interval":{"confidence_level":0.95,"lower_bound":313.0352737634988,"upper_bound":592.8270045812202},"point_estimate":444.03869211673737,"standard_error":75.16905775173802},"slope":{"confidence_interval":{"confidence_level":0.95,"lower_bound":27860.42746755193,"upper_bound":28186.493778123397},"point_estimate":28003.3758106333,"standard_error":83.89204236059479},"std_dev":{"confidence_interval":{"confidence_level":0.95,"lower_bound":825.8039149778732,"upper_bound":4084.6006829430335},"point_estimate":2623.8328744546106,"standard_error":876.0326336113052}}