group,function,value,throughput_num,throughput_type,sample_measured_value,unit,iteration_count
insert,BTreeMap,500,,,1025185.0,ns,36
insert,BTreeMap,500,,,1963313.0,ns,72
insert,BTreeMap,500,,,3225101.0,ns,108
insert,BTreeMap,500,,,3816825.0,ns,144
insert,BTreeMap,500,,,7504210.0,ns,180
insert,BTreeMap,500,,,10471419.0,ns,216
insert,BTreeMap,500,,,8082609.0,ns,252
insert,BTreeMap,500,,,8483343.0,ns,288
insert,BTreeMap,500,,,9438115.0,ns,324
insert,BTreeMap,500,,,11123853.0,ns,360
insert,BTreeMap,500,,,11562370.0,ns,396
insert,BTreeMap,500,,,13419074.0,ns,432
insert,BTreeMap,500,,,13318333.0,ns,468
insert,BTreeMap,500,,,14304743.0,ns,504
insert,BTreeMap,500,,,15040679.0,ns,540
insert,BTreeMap,500,,,15841164.0,ns,576
insert,BTreeMap,500,,,16789599.0,ns,612
insert,BTreeMap,500,,,17739349.0,ns,648
insert,BTreeMap,500,,,18644270.0,ns,684
insert,BTreeMap,500,,,19842666.0,ns,720
insert,BTreeMap,500,,,21351991.0,ns,756
insert,BTreeMap,500,,,21822084.0,ns,792
insert,BTreeMap,500,,,23030039.0,ns,828
insert,BTreeMap,500,,,24018625.0,ns,864
insert,BTreeMap,500,,,24728193.0,ns,900
insert,BTreeMap,500,,,26215897.0,ns,936
insert,BTreeMap,500,,,26782289.0,ns,972
insert,BTreeMap,500,,,27454861.0,ns,1008
insert,BTreeMap,500,,,28857797.0,ns,1044
insert,BTreeMap,500,,,30079718.0,ns,1080
insert,BTreeMap,500,,,30737697.0,ns,1116
insert,BTreeMap,500,,,31936355.0,ns,1152
insert,BTreeMap,500,,,32977364.0,ns,1188
insert,BTreeMap,500,,,35202732.0,ns,1224
insert,BTreeMap,500,,,37081965.0,ns,1260
insert,BTreeMap,500,,,36256992.0,ns,1296
insert,BTreeMap,500,,,36560517.0,ns,1332
insert,BTreeMap,500,,,37797397.0,ns,1368
insert,BTreeMap,500,,,39603523.0,ns,1404
insert,BTreeMap,500,,,39662530.0,ns,1440
insert,BTreeMap,500,,,41216033.0,ns,1476
insert,BTreeMap,500,,,41346188.0,ns,1512
insert,BTreeMap,500,,,43375475.0,ns,1548
insert,BTreeMap,500,,,43348926.0,ns,1584
insert,BTreeMap,500,,,45815950.0,ns,1620
insert,BTreeMap,500,,,46554088.0,ns,1656
insert,BTreeMap,500,,,47316144.0,ns,1692
insert,BTreeMap,500,,,56527623.0,ns,1728
insert,BTreeMap,500,,,51227785.0,ns,1764
insert,BTreeMap,500,,,49861108.0,ns,1800
insert,BTreeMap,500,,,50814126.0,ns,1836
insert,BTreeMap,500,,,51258939.0,ns,1872
insert,BTreeMap,500,,,52643521.0,ns,1908
insert,BTreeMap,500,,,53807368.0,ns,1944
insert,BTreeMap,500,,,54996027.0,ns,1980
insert,BTreeMap,500,,,56766888.0,ns,2016
insert,BTreeMap,500,,,56957491.0,ns,2052
insert,BTreeMap,500,,,57160981.0,ns,2088
insert,BTreeMap,500,,,59028112.0,ns,2124
insert,BTreeMap,500,,,62021617.0,ns,2160
insert,BTreeMap,500,,,60624021.0,ns,2196
insert,BTreeMap,500,,,61312930.0,ns,2232
insert,BTreeMap,500,,,63255892.0,ns,2268
insert,BTreeMap,500,,,64026124.0,ns,2304
insert,BTreeMap,500,,,64294829.0,ns,2340
insert,BTreeMap,500,,,65011967.0,ns,2376
insert,BTreeMap,500,,,67159229.0,ns,2412
insert,BTreeMap,500,,,68892653.0,ns,2448
insert,BTreeMap,500,,,71224680.0,ns,2484
insert,BTreeMap,500,,,69864700.0,ns,2520
insert,BTreeMap,500,,,71222632.0,ns,2556
insert,BTreeMap,500,,,73406974.0,ns,2592
insert,BTreeMap,500,,,72860530.0,ns,2628
insert,BTreeMap,500,,,74503443.0,ns,2664
insert,BTreeMap,500,,,76352530.0,ns,2700
insert,BTreeMap,500,,,76206680.0,ns,2736
insert,BTreeMap,500,,,79498431.0,ns,2772
insert,BTreeMap,500,,,79929165.0,ns,2808
insert,BTreeMap,500,,,89079859.0,ns,2844
insert,BTreeMap,500,,,80632474.0,ns,2880
insert,BTreeMap,500,,,81355864.0,ns,2916
insert,BTreeMap,500,,,81737104.0,ns,2952
insert,BTreeMap,500,,,82775186.0,ns,2988
insert,BTreeMap,500,,,84700388.0,ns,3024
insert,BTreeMap,500,,,87138227.0,ns,3060
insert,BTreeMap,500,,,85826648.0,ns,3096
insert,BTreeMap,500,,,86341667.0,ns,3132
insert,BTreeMap,500,,,86384706.0,ns,3168
insert,BTreeMap,500,,,89043161.0,ns,3204
insert,BTreeMap,500,,,91487432.0,ns,3240
insert,BTreeMap,500,,,90452384.0,ns,3276
insert,BTreeMap,500,,,92924910.0,ns,3312
insert,BTreeMap,500,,,92326793.0,ns,3348
insert,BTreeMap,500,,,94449354.0,ns,3384
insert,BTreeMap,500,,,95331077.0,ns,3420
insert,BTreeMap,500,,,95673110.0,ns,3456
insert,BTreeMap,500,,,96786650.0,ns,3492
insert,BTreeMap,500,,,100056043.0,ns,3528
insert,BTreeMap,500,,,98588161.0,ns,3564
insert,BTreeMap,500,,,101817469.0,ns,3600
