group,function,value,throughput_num,throughput_type,sample_measured_value,unit,iteration_count
insert,BTreeMap,2000,,,1083095.0,ns,7
insert,BTreeMap,2000,,,2362535.0,ns,14
insert,BTreeMap,2000,,,3241755.0,ns,21
insert,BTreeMap,2000,,,4508227.0,ns,28
insert,BTreeMap,2000,,,6027307.0,ns,35
insert,BTreeMap,2000,,,7336349.0,ns,42
insert,BTreeMap,2000,,,8317406.0,ns,49
insert,BTreeMap,2000,,,9679658.0,ns,56
insert,BTreeMap,2000,,,10913042.0,ns,63
insert,BTreeMap,2000,,,13158234.0,ns,70
insert,BTreeMap,2000,,,13071783.0,ns,77
insert,BTreeMap,2000,,,13483199.0,ns,84
insert,BTreeMap,2000,,,14200863.0,ns,91
insert,BTreeMap,2000,,,16359262.0,ns,98
insert,BTreeMap,2000,,,16940779.0,ns,105
insert,BTreeMap,2000,,,17194325.0,ns,112
insert,BTreeMap,2000,,,18827133.0,ns,119
insert,BTreeMap,2000,,,19509021.0,ns,126
insert,BTreeMap,2000,,,21236241.0,ns,133
insert,BTreeMap,2000,,,21624321.0,ns,140
insert,BTreeMap,2000,,,22477077.0,ns,147
insert,BTreeMap,2000,,,24365030.0,ns,154
insert,BTreeMap,2000,,,25243729.0,ns,161
insert,BTreeMap,2000,,,27983553.0,ns,168
insert,BTreeMap,2000,,,27844783.0,ns,175
insert,BTreeMap,2000,,,28829730.0,ns,182
insert,BTreeMap,2000,,,31114882.0,ns,189
insert,BTreeMap,2000,,,30738826.0,ns,196
insert,BTreeMap,2000,,,31635875.0,ns,203
insert,BTreeMap,2000,,,33262481.0,ns,210
insert,BTreeMap,2000,,,33679164.0,ns,217
insert,BTreeMap,2000,,,34510990.0,ns,224
insert,BTreeMap,2000,,,36400506.0,ns,231
insert,BTreeMap,2000,,,37427352.0,ns,238
insert,BTreeMap,2000,,,38466244.0,ns,245
insert,BTreeMap,2000,,,39700708.0,ns,252
insert,BTreeMap,2000,,,40306529.0,ns,259
insert,BTreeMap,2000,,,51097194.0,ns,266
insert,BTreeMap,2000,,,42358359.0,ns,273
insert,BTreeMap,2000,,,44869811.0,ns,280
insert,BTreeMap,2000,,,47048018.0,ns,287
insert,BTreeMap,2000,,,46853373.0,ns,294
insert,BTreeMap,2000,,,46933209.0,ns,301
insert,BTreeMap,2000,,,47988491.0,ns,308
insert,BTreeMap,2000,,,49247631.0,ns,315
insert,BTreeMap,2000,,,50394927.0,ns,322
insert,BTreeMap,2000,,,51341144.0,ns,329
insert,BTreeMap,2000,,,52615648.0,ns,336
insert,BTreeMap,2000,,,53548475.0,ns,343
insert,BTreeMap,2000,,,56936617.0,ns,350
insert,BTreeMap,2000,,,58561496.0,ns,357
insert,BTreeMap,2000,,,60839038.0,ns,364
insert,BTreeMap,2000,,,59022685.0,ns,371
insert,BTreeMap,2000,,,59069988.0,ns,378
insert,BTreeMap,2000,,,60469307.0,ns,385
insert,BTreeMap,2000,,,61294533.0,ns,392
insert,BTreeMap,2000,,,64646539.0,ns,399
insert,BTreeMap,2000,,,63194235.0,ns,406
insert,BTreeMap,2000,,,65105581.0,ns,413
insert,BTreeMap,2000,,,66586177.0,ns,420
insert,BTreeMap,2000,,,66704662.0,ns,427
insert,BTreeMap,2000,,,70853825.0,ns,434
insert,BTreeMap,2000,,,69090510.0,ns,441
insert,BTreeMap,2000,,,71952355.0,ns,448
insert,BTreeMap,2000,,,70969500.0,ns,455
insert,BTreeMap,2000,,,75235640.0,ns,462
insert,BTreeMap,2000,,,73252876.0,ns,469
insert,BTreeMap,2000,,,73980892.0,ns,476
insert,BTreeMap,2000,,,74965853.0,ns,483
insert,BTreeMap,2000,,,79697647.0,ns,490
insert,BTreeMap,2000,,,86039642.0,ns,497
insert,BTreeMap,2000,,,84525250.0,ns,504
insert,BTreeMap,2000,,,80320925.0,ns,511
insert,BTreeMap,2000,,,80740689.0,ns,518
insert,BTreeMap,2000,,,82403908.0,ns,525
insert,BTreeMap,2000,,,83015738.0,ns,532
insert,BTreeMap,2000,,,87822854.0,ns,539
insert,BTreeMap,2000,,,87236662.0,ns,546
insert,BTreeMap,2000,,,85558513.0,ns,553
insert,BTreeMap,2000,,,86765233.0,ns,560
insert,BTreeMap,2000,,,90155845.0,ns,567
insert,BTreeMap,2000,,,89288136.0,ns,574
insert,BTreeMap,2000,,,90426993.0,ns,581
insert,BTreeMap,2000,,,94470417.0,ns,588
insert,BTreeMap,2000,,,93360981.0,ns,595
insert,BTreeMap,2000,,,94470257.0,ns,602
insert,BTreeMap,2000,,,94398037.0,ns,609
insert,BTreeMap,2000,,,95807089.0,ns,616
insert,BTreeMap,2000,,,100108886.0,ns,623
insert,BTreeMap,2000,,,101821242.0,ns,630
insert,BTreeMap,2000,,,99785043.0,ns,637
insert,BTreeMap,2000,,,101252056.0,ns,644
insert,BTreeMap,2000,,,110819811.0,ns,651
insert,BTreeMap,2000,,,102603281.0,ns,658
insert,BTreeMap,2000,,,104039949.0,ns,665
insert,BTreeMap,2000,,,105529226.0,ns,672
insert,BTreeMap,2000,,,105556259.0,ns,679
insert,BTreeMap,2000,,,106257632.0,ns,686
insert,BTreeMap,2000,,,108856470.0,ns,693
insert,BTreeMap,2000,,,109034042.0,ns,700
