{"mean":{"confidence_interval":{"confidence_level":0.95,"lower_bound":65866.31555156395,"upper_bound":66757.48049372663},"point_estimate":66289.82927218989,"standard_error":228.4740750449959},"median":{"confidence_interval":{"confidence_level":0.95,"lower_bound":65397.12413793104,"upper_bound":65831.6521953405},"point_estimate":65652.43807017544,"standard_error":114.53374968047443},"median_abs_dev":{"confidence_interval":{"confidence_level":0.95,"lower_bound":724.7134233148556,"upper_bound":1322.8822747990248},"point_estimate":995.210238404366,"standard_error":156.37128636089807},"slope":{"confidence_interval":{"confidence_level":0.95,"lower_bound":65573.35858697677,"upper_bound":66701.15390980388},"point_estimate":66068.52392414167,"standard_error":290.6514658495132},"std_dev":{"confidence_interval":{"confidence_level":0.95,"lower_bound":1658.3942759119618,"upper_bound":2825.9363877537544},"point_estimate":2296.222975774898,"standard_error":296.9885482009033}}