group,function,value,throughput_num,throughput_type,sample_measured_value,unit,iteration_count
get,BSTMap,500,,,1076682.0,ns,15
get,BSTMap,500,,,1868455.0,ns,30
get,BSTMap,500,,,2982534.0,ns,45
get,BSTMap,500,,,3930474.0,ns,60
get,BSTMap,500,,,5527633.0,ns,75
get,BSTMap,500,,,6260165.0,ns,90
get,BSTMap,500,,,7499125.0,ns,105
get,BSTMap,500,,,8179123.0,ns,120
get,BSTMap,500,,,9420045.0,ns,135
get,BSTMap,500,,,10873858.0,ns,150
get,BSTMap,500,,,11445172.0,ns,165
get,BSTMap,500,,,12274828.0,ns,180
get,BSTMap,500,,,12893401.0,ns,195
get,BSTMap,500,,,13743672.0,ns,210
get,BSTMap,500,,,14624613.0,ns,225
get,BSTMap,500,,,15415954.0,ns,240
get,BSTMap,500,,,16363055.0,ns,255
get,BSTMap,500,,,17615543.0,ns,270
get,BSTMap,500,,,18823574.0,ns,285
get,BSTMap,500,,,19802632.0,ns,300
get,BSTMap,500,,,20382087.0,ns,315
get,BSTMap,500,,,22285634.0,ns,330
get,BSTMap,500,,,24993674.0,ns,345
get,BSTMap,500,,,23694667.0,ns,360
get,BSTMap,500,,,25149661.0,ns,375
get,BSTMap,500,,,25629053.0,ns,390
get,BSTMap,500,,,26578437.0,ns,405
get,BSTMap,500,,,28334065.0,ns,420
get,BSTMap,500,,,28064763.0,ns,435
get,BSTMap,500,,,29087370.0,ns,450
get,BSTMap,500,,,30629986.0,ns,465
get,BSTMap,500,,,31658502.0,ns,480
get,BSTMap,500,,,32679022.0,ns,495
get,BSTMap,500,,,33374879.0,ns,510
get,BSTMap,500,,,34238375.0,ns,525
get,BSTMap,500,,,34672282.0,ns,540
get,BSTMap,500,,,35875019.0,ns,555
get,BSTMap,500,,,37421483.0,ns,570
get,BSTMap,500,,,37674884.0,ns,585
get,BSTMap,500,,,38763442.0,ns,600
get,BSTMap,500,,,41281463.0,ns,615
get,BSTMap,500,,,42009943.0,ns,630
get,BSTMap,500,,,43044077.0,ns,645
get,BSTMap,500,,,42586581.0,ns,660
get,BSTMap,500,,,45232331.0,ns,675
get,BSTMap,500,,,45195169.0,ns,690
get,BSTMap,500,,,45774368.0,ns,705
get,BSTMap,500,,,46753630.0,ns,720
get,BSTMap,500,,,47725375.0,ns,735
get,BSTMap,500,,,49032258.0,ns,750
get,BSTMap,500,,,49568416.0,ns,765
get,BSTMap,500,,,50466586.0,ns,780
get,BSTMap,500,,,52386257.0,ns,795
get,BSTMap,500,,,52653430.0,ns,810
get,BSTMap,500,,,54419112.0,ns,825
get,BSTMap,500,,,55744297.0,ns,840
get,BSTMap,500,,,56349337.0,ns,855
get,BSTMap,500,,,56328173.0,ns,870
get,BSTMap,500,,,57382952.0,ns,885
get,BSTMap,500,,,67308137.0,ns,900
get,BSTMap,500,,,60611876.0,ns,915
get,BSTMap,500,,,62440167.0,ns,930
get,BSTMap,500,,,61725014.0,ns,945
get,BSTMap,500,,,62584407.0,ns,960
get,BSTMap,500,,,63365597.0,ns,975
get,BSTMap,500,,,64671721.0,ns,990
get,BSTMap,500,,,65174084.0,ns,1005
get,BSTMap,500,,,66271440.0,ns,1020
get,BSTMap,500,,,68048294.0,ns,1035
get,BSTMap,500,,,68135947.0,ns,1050
get,BSTMap,500,,,71162192.0,ns,1065
get,BSTMap,500,,,74145774.0,ns,1080
get,BSTMap,500,,,72032291.0,ns,1095
get,BSTMap,500,,,72777962.0,ns,1110
get,BSTMap,500,,,74047210.0,ns,1125
get,BSTMap,500,,,76212691.0,ns,1140
get,BSTMap,500,,,74850125.0,ns,1155
get,BSTMap,500,,,77164619.0,ns,1170
get,BSTMap,500,,,77020327.0,ns,1185
get,BSTMap,500,,,78062709.0,ns,1200
get,BSTMap,500,,,78841242.0,ns,1215
get,BSTMap,500,,,80492385.0,ns,1230
get,BSTMap,500,,,80694497.0,ns,1245
get,BSTMap,500,,,82784068.0,ns,1260
get,BSTMap,500,,,83577854.0,ns,1275
get,BSTMap,500,,,83857447.0,ns,1290
get,BSTMap,500,,,85343247.0,ns,1305
get,BSTMap,500,,,99319027.0,ns,1320
get,BSTMap,500,,,88147393.0,ns,1335
get,BSTMap,500,,,87885584.0,ns,1350
get,BSTMap,500,,,88894530.0,ns,1365
get,BSTMap,500,,,90096509.0,ns,1380
get,BSTMap,500,,,91853475.0,ns,1395
get,BSTMap,500,,,92696760.0,ns,1410
get,BSTMap,500,,,93555741.0,ns,1425
get,BSTMap,500,,,94659561.0,ns,1440
get,BSTMap,500,,,94864182.0,ns,1455
get,BSTMap,500,,,96530925.0,ns,1470
get,BSTMap,500,,,105454917.0,ns,1485
get,BSTMap,500,,,99772898.0,ns,1500
