{"mean":{"confidence_interval":{"confidence_level":0.95,"lower_bound":469138.5295839379,"upper_bound":474330.2640393735},"point_estimate":471581.04105114634,"standard_error":1327.4281431373422},"median":{"confidence_interval":{"confidence_level":0.95,"lower_bound":466199.92142857146,"upper_bound":469261.6666666667},"point_estimate":467324.036184739,"standard_error":763.6446197889467},"median_abs_dev":{"confidence_interval":{"confidence_level":0.95,"lower_bound":4245.268508333579,"upper_bound":7741.379670797314},"point_estimate":5749.589650960862,"standard_error":897.6464924477431},"slope":{"confidence_interval":{"confidence_level":0.95,"lower_bound":467619.98595549143,"upper_bound":473095.1272474596},"point_estimate":470035.0693335304,"standard_error":1411.8033524680916},"std_dev":{"confidence_interval":{"confidence_level":0.95,"lower_bound":9294.695828785167,"upper_bound":16753.839148028845},"point_estimate":13312.363763305088,"standard_error":1905.248241937136}}