group,function,value,throughput_num,throughput_type,sample_measured_value,unit,iteration_count
map operations,BTreeMap,1000,,,1407785.0,ns,3
map operations,BTreeMap,1000,,,2775584.0,ns,6
map operations,BTreeMap,1000,,,4203649.0,ns,9
map operations,BTreeMap,1000,,,6250251.0,ns,12
map operations,BTreeMap,1000,,,7137389.0,ns,15
map operations,BTreeMap,1000,,,9079429.0,ns,18
map operations,BTreeMap,1000,,,10235733.0,ns,21
map operations,BTreeMap,1000,,,11982595.0,ns,24
map operations,BTreeMap,1000,,,13632910.0,ns,27
map operations,BTreeMap,1000,,,15035066.0,ns,30
map operations,BTreeMap,1000,,,15702425.0,ns,33
map operations,BTreeMap,1000,,,16570807.0,ns,36
map operations,BTreeMap,1000,,,18376025.0,ns,39
map operations,BTreeMap,1000,,,19451871.0,ns,42
map operations,BTreeMap,1000,,,21992543.0,ns,45
map operations,BTreeMap,1000,,,22296922.0,ns,48
map operations,BTreeMap,1000,,,23544876.0,ns,51
map operations,BTreeMap,1000,,,24877176.0,ns,54
map operations,BTreeMap,1000,,,26320370.0,ns,57
map operations,BTreeMap,1000,,,27641524.0,ns,60
map operations,BTreeMap,1000,,,29972955.0,ns,63
map operations,BTreeMap,1000,,,30276222.0,ns,66
map operations,BTreeMap,1000,,,32095788.0,ns,69
map operations,BTreeMap,1000,,,35518115.0,ns,72
map operations,BTreeMap,1000,,,35822472.0,ns,75
map operations,BTreeMap,1000,,,36040064.0,ns,78
map operations,BTreeMap,1000,,,37252855.0,ns,81
map operations,BTreeMap,1000,,,40813041.0,ns,84
map operations,BTreeMap,1000,,,40206979.0,ns,87
map operations,BTreeMap,1000,,,41459914.0,ns,90
map operations,BTreeMap,1000,,,43554812.0,ns,93
map operations,BTreeMap,1000,,,44599846.0,ns,96
map operations,BTreeMap,1000,,,45459026.0,ns,99
map operations,BTreeMap,1000,,,47910008.0,ns,102
map operations,BTreeMap,1000,,,49262213.0,ns,105
map operations,BTreeMap,1000,,,51342308.0,ns,108
map operations,BTreeMap,1000,,,52435847.0,ns,111
map operations,BTreeMap,1000,,,53547750.0,ns,114
map operations,BTreeMap,1000,,,54693859.0,ns,117
map operations,BTreeMap,1000,,,56144393.0,ns,120
map operations,BTreeMap,1000,,,57732407.0,ns,123
map operations,BTreeMap,1000,,,58520013.0,ns,126
map operations,BTreeMap,1000,,,61205712.0,ns,129
map operations,BTreeMap,1000,,,62667081.0,ns,132
map operations,BTreeMap,1000,,,64852889.0,ns,135
map operations,BTreeMap,1000,,,63583878.0,ns,138
map operations,BTreeMap,1000,,,65533165.0,ns,141
map operations,BTreeMap,1000,,,66578082.0,ns,144
map operations,BTreeMap,1000,,,68140973.0,ns,147
map operations,BTreeMap,1000,,,70109347.0,ns,150
map operations,BTreeMap,1000,,,70939665.0,ns,153
map operations,BTreeMap,1000,,,80614525.0,ns,156
map operations,BTreeMap,1000,,,73907977.0,ns,159
map operations,BTreeMap,1000,,,75254268.0,ns,162
map operations,BTreeMap,1000,,,77953200.0,ns,165
map operations,BTreeMap,1000,,,77904709.0,ns,168
map operations,BTreeMap,1000,,,80113588.0,ns,171
map operations,BTreeMap,1000,,,81052298.0,ns,174
map operations,BTreeMap,1000,,,83205113.0,ns,177
map operations,BTreeMap,1000,,,83679982.0,ns,180
map operations,BTreeMap,1000,,,84947966.0,ns,183
map operations,BTreeMap,1000,,,87204106.0,ns,186
map operations,BTreeMap,1000,,,88145748.0,ns,189
map operations,BTreeMap,1000,,,89635421.0,ns,192
map operations,BTreeMap,1000,,,90948150.0,ns,195
map operations,BTreeMap,1000,,,93447724.0,ns,198
map operations,BTreeMap,1000,,,94750871.0,ns,201
map operations,BTreeMap,1000,,,95236044.0,ns,204
map operations,BTreeMap,1000,,,97544216.0,ns,207
map operations,BTreeMap,1000,,,97864247.0,ns,210
map operations,BTreeMap,1000,,,100248911.0,ns,213
map operations,BTreeMap,1000,,,100233432.0,ns,216
map operations,BTreeMap,1000,,,102512547.0,ns,219
map operations,BTreeMap,1000,,,118005012.0,ns,222
map operations,BTreeMap,1000,,,108907161.0,ns,225
map operations,BTreeMap,1000,,,105582208.0,ns,228
map operations,BTreeMap,1000,,,107245272.0,ns,231
map operations,BTreeMap,1000,,,110631348.0,ns,234
map operations,BTreeMap,1000,,,112059022.0,ns,237
map operations,BTreeMap,1000,,,111718701.0,ns,240
map operations,BTreeMap,1000,,,112954101.0,ns,243
map operations,BTreeMap,1000,,,114929994.0,ns,246
map operations,BTreeMap,1000,,,116345854.0,ns,249
map operations,BTreeMap,1000,,,118293249.0,ns,252
map operations,BTreeMap,1000,,,118721902.0,ns,255
map operations,BTreeMap,1000,,,120361559.0,ns,258
map operations,BTreeMap,1000,,,122989473.0,ns,261
map operations,BTreeMap,1000,,,122087665.0,ns,264
map operations,BTreeMap,1000,,,124004267.0,ns,267
map operations,BTreeMap,1000,,,126027694.0,ns,270
map operations,BTreeMap,1000,,,135572391.0,ns,273
map operations,BTreeMap,1000,,,131695036.0,ns,276
map operations,BTreeMap,1000,,,130479260.0,ns,279
map operations,BTreeMap,1000,,,131117824.0,ns,282
map operations,BTreeMap,1000,,,135435409.0,ns,285
map operations,BTreeMap,1000,,,135347376.0,ns,288
map operations,BTreeMap,1000,,,134339387.0,ns,291
map operations,BTreeMap,1000,,,137095483.0,ns,294
map operations,BTreeMap,1000,,,139638187.0,ns,297
map operations,BTreeMap,1000,,,138601742.0,ns,300
