{"mean":{"confidence_interval":{"confidence_level":0.95,"lower_bound":4176.703716925893,"upper_bound":4231.324625811628},"point_estimate":4202.15684284204,"standard_error":13.95039756822663},"median":{"confidence_interval":{"confidence_level":0.95,"lower_bound":4147.920336879432,"upper_bound":4175.867017308932},"point_estimate":4158.406487166645,"standard_error":7.446541530709741},"median_abs_dev":{"confidence_interval":{"confidence_level":0.95,"lower_bound":42.57570051979778,"upper_bound":77.46434010340175},"point_estimate":58.0032352955083,"standard_error":8.865526407226374},"slope":{"confidence_interval":{"confidence_level":0.95,"lower_bound":4162.117891416085,"upper_bound":4207.75546994945},"point_estimate":4182.464735836302,"standard_error":11.658635369923434},"std_dev":{"confidence_interval":{"confidence_level":0.95,"lower_bound":93.50413392090684,"upper_bound":181.4624524423838},"point_estimate":139.76842678202783,"standard_error":22.522917985986403}}