group,function,value,throughput_num,throughput_type,sample_measured_value,unit,iteration_count
get,BSTMap,100,,,1014750.0,ns,235
get,BSTMap,100,,,1860684.0,ns,470
get,BSTMap,100,,,2915936.0,ns,705
get,BSTMap,100,,,3946076.0,ns,940
get,BSTMap,100,,,5453026.0,ns,1175
get,BSTMap,100,,,6046493.0,ns,1410
get,BSTMap,100,,,7156744.0,ns,1645
get,BSTMap,100,,,8397808.0,ns,1880
get,BSTMap,100,,,9808465.0,ns,2115
get,BSTMap,100,,,10809219.0,ns,2350
get,BSTMap,100,,,11576637.0,ns,2585
get,BSTMap,100,,,12087900.0,ns,2820
get,BSTMap,100,,,13015371.0,ns,3055
get,BSTMap,100,,,13629952.0,ns,3290
get,BSTMap,100,,,14624359.0,ns,3525
get,BSTMap,100,,,15676138.0,ns,3760
get,BSTMap,100,,,16411268.0,ns,3995
get,BSTMap,100,,,17330965.0,ns,4230
get,BSTMap,100,,,18522136.0,ns,4465
get,BSTMap,100,,,19673815.0,ns,4700
get,BSTMap,100,,,20206250.0,ns,4935
get,BSTMap,100,,,21483589.0,ns,5170
get,BSTMap,100,,,21962810.0,ns,5405
get,BSTMap,100,,,23693398.0,ns,5640
get,BSTMap,100,,,24599350.0,ns,5875
get,BSTMap,100,,,25642345.0,ns,6110
get,BSTMap,100,,,27017774.0,ns,6345
get,BSTMap,100,,,27874547.0,ns,6580
get,BSTMap,100,,,28590807.0,ns,6815
get,BSTMap,100,,,29968224.0,ns,7050
get,BSTMap,100,,,30018815.0,ns,7285
get,BSTMap,100,,,31212669.0,ns,7520
get,BSTMap,100,,,32290543.0,ns,7755
get,BSTMap,100,,,33081463.0,ns,7990
get,BSTMap,100,,,34018430.0,ns,8225
get,BSTMap,100,,,34652631.0,ns,8460
get,BSTMap,100,,,35979037.0,ns,8695
get,BSTMap,100,,,36780010.0,ns,8930
get,BSTMap,100,,,38264148.0,ns,9165
get,BSTMap,100,,,38539779.0,ns,9400
get,BSTMap,100,,,40008736.0,ns,9635
get,BSTMap,100,,,41134216.0,ns,9870
get,BSTMap,100,,,41752338.0,ns,10105
get,BSTMap,100,,,43954625.0,ns,10340
get,BSTMap,100,,,44782327.0,ns,10575
get,BSTMap,100,,,47424569.0,ns,10810
get,BSTMap,100,,,54418617.0,ns,11045
get,BSTMap,100,,,46277209.0,ns,11280
get,BSTMap,100,,,48217733.0,ns,11515
get,BSTMap,100,,,48295808.0,ns,11750
get,BSTMap,100,,,49675875.0,ns,11985
get,BSTMap,100,,,51128381.0,ns,12220
get,BSTMap,100,,,51467173.0,ns,12455
get,BSTMap,100,,,52551133.0,ns,12690
get,BSTMap,100,,,53894184.0,ns,12925
get,BSTMap,100,,,53729056.0,ns,13160
get,BSTMap,100,,,59310153.0,ns,13395
get,BSTMap,100,,,56002386.0,ns,13630
get,BSTMap,100,,,56953647.0,ns,13865
get,BSTMap,100,,,58044736.0,ns,14100
get,BSTMap,100,,,59017644.0,ns,14335
get,BSTMap,100,,,59930609.0,ns,14570
get,BSTMap,100,,,61986024.0,ns,14805
get,BSTMap,100,,,62254738.0,ns,15040
get,BSTMap,100,,,63087580.0,ns,15275
get,BSTMap,100,,,63915544.0,ns,15510
get,BSTMap,100,,,66743885.0,ns,15745
get,BSTMap,100,,,65832494.0,ns,15980
get,BSTMap,100,,,68921406.0,ns,16215
get,BSTMap,100,,,66993275.0,ns,16450
get,BSTMap,100,,,70080460.0,ns,16685
get,BSTMap,100,,,70168701.0,ns,16920
get,BSTMap,100,,,70659510.0,ns,17155
get,BSTMap,100,,,72275993.0,ns,17390
get,BSTMap,100,,,73716543.0,ns,17625
get,BSTMap,100,,,74428856.0,ns,17860
get,BSTMap,100,,,74862353.0,ns,18095
get,BSTMap,100,,,76655533.0,ns,18330
get,BSTMap,100,,,85751185.0,ns,18565
get,BSTMap,100,,,80431839.0,ns,18800
get,BSTMap,100,,,79006492.0,ns,19035
get,BSTMap,100,,,82161822.0,ns,19270
get,BSTMap,100,,,83683138.0,ns,19505
get,BSTMap,100,,,82021762.0,ns,19740
get,BSTMap,100,,,82492626.0,ns,19975
get,BSTMap,100,,,83203232.0,ns,20210
get,BSTMap,100,,,86043705.0,ns,20445
get,BSTMap,100,,,85921816.0,ns,20680
get,BSTMap,100,,,86687938.0,ns,20915
get,BSTMap,100,,,89137881.0,ns,21150
get,BSTMap,100,,,89038539.0,ns,21385
get,BSTMap,100,,,89342808.0,ns,21620
get,BSTMap,100,,,90930605.0,ns,21855
get,BSTMap,100,,,93349188.0,ns,22090
get,BSTMap,100,,,92680528.0,ns,22325
get,BSTMap,100,,,93466866.0,ns,22560
get,BSTMap,100,,,95889141.0,ns,22795
get,BSTMap,100,,,95030235.0,ns,23030
get,BSTMap,100,,,96862643.0,ns,23265
get,BSTMap,100,,,97987933.0,ns,23500
