{"mean":{"confidence_interval":{"confidence_level":0.95,"lower_bound":269117.76777493436,"upper_bound":275098.39294378576},"point_estimate":271641.300968407,"standard_error":1548.2336547769783},"median":{"confidence_interval":{"confidence_level":0.95,"lower_bound":266858.0301282051,"upper_bound":269484.176056338},"point_estimate":267638.45054347825,"standard_error":679.2233133032842},"median_abs_dev":{"confidence_interval":{"confidence_level":0.95,"lower_bound":3461.8211403261744,"upper_bound":6205.420877113008},"point_estimate":4622.847792498442,"standard_error":710.1912622308486},"slope":{"confidence_interval":{"confidence_level":0.95,"lower_bound":268251.64926664106,"upper_bound":271602.35941757273},"point_estimate":269767.087342988,"standard_error":857.5982537023423},"std_dev":{"confidence_interval":{"confidence_level":0.95,"lower_bound":6702.004259839563,"upper_bound":24211.96347239105},"point_estimate":15523.843698832436,"standard_error":5419.814935864917}}