group,function,value,throughput_num,throughput_type,sample_measured_value,unit,iteration_count
map operations,HashMap,1000,,,1054267.0,ns,4
map operations,HashMap,1000,,,2064462.0,ns,8
map operations,HashMap,1000,,,3082857.0,ns,12
map operations,HashMap,1000,,,4390359.0,ns,16
map operations,HashMap,1000,,,5906589.0,ns,20
map operations,HashMap,1000,,,6547839.0,ns,24
map operations,HashMap,1000,,,8500469.0,ns,28
map operations,HashMap,1000,,,8784088.0,ns,32
map operations,HashMap,1000,,,10284010.0,ns,36
map operations,HashMap,1000,,,11852004.0,ns,40
map operations,HashMap,1000,,,12602098.0,ns,44
map operations,HashMap,1000,,,13295585.0,ns,48
map operations,HashMap,1000,,,14218833.0,ns,52
map operations,HashMap,1000,,,15138814.0,ns,56
map operations,HashMap,1000,,,16017979.0,ns,60
map operations,HashMap,1000,,,17030354.0,ns,64
map operations,HashMap,1000,,,18070653.0,ns,68
map operations,HashMap,1000,,,19804900.0,ns,72
map operations,HashMap,1000,,,20393050.0,ns,76
map operations,HashMap,1000,,,21365553.0,ns,80
map operations,HashMap,1000,,,33677370.0,ns,84
map operations,HashMap,1000,,,23434830.0,ns,88
map operations,HashMap,1000,,,24517426.0,ns,92
map operations,HashMap,1000,,,25388368.0,ns,96
map operations,HashMap,1000,,,28990507.0,ns,100
map operations,HashMap,1000,,,28548977.0,ns,104
map operations,HashMap,1000,,,28163615.0,ns,108
map operations,HashMap,1000,,,29920941.0,ns,112
map operations,HashMap,1000,,,30874123.0,ns,116
map operations,HashMap,1000,,,32064617.0,ns,120
map operations,HashMap,1000,,,32362325.0,ns,124
map operations,HashMap,1000,,,33721237.0,ns,128
map operations,HashMap,1000,,,36709271.0,ns,132
map operations,HashMap,1000,,,37214285.0,ns,136
map operations,HashMap,1000,,,37395070.0,ns,140
map operations,HashMap,1000,,,38039185.0,ns,144
map operations,HashMap,1000,,,40185184.0,ns,148
map operations,HashMap,1000,,,40744368.0,ns,152
map operations,HashMap,1000,,,41699639.0,ns,156
map operations,HashMap,1000,,,44324271.0,ns,160
map operations,HashMap,1000,,,42933763.0,ns,164
map operations,HashMap,1000,,,44661869.0,ns,168
map operations,HashMap,1000,,,45220875.0,ns,172
map operations,HashMap,1000,,,46774788.0,ns,176
map operations,HashMap,1000,,,48169701.0,ns,180
map operations,HashMap,1000,,,49250811.0,ns,184
map operations,HashMap,1000,,,50964693.0,ns,188
map operations,HashMap,1000,,,53795467.0,ns,192
map operations,HashMap,1000,,,51851239.0,ns,196
map operations,HashMap,1000,,,55075755.0,ns,200
map operations,HashMap,1000,,,53749116.0,ns,204
map operations,HashMap,1000,,,55644419.0,ns,208
map operations,HashMap,1000,,,55283877.0,ns,212
map operations,HashMap,1000,,,58165974.0,ns,216
map operations,HashMap,1000,,,58258334.0,ns,220
map operations,HashMap,1000,,,59675966.0,ns,224
map operations,HashMap,1000,,,62069232.0,ns,228
map operations,HashMap,1000,,,63706661.0,ns,232
map operations,HashMap,1000,,,62480158.0,ns,236
map operations,HashMap,1000,,,63357319.0,ns,240
map operations,HashMap,1000,,,64699315.0,ns,244
map operations,HashMap,1000,,,65832987.0,ns,248
map operations,HashMap,1000,,,66652394.0,ns,252
map operations,HashMap,1000,,,67638758.0,ns,256
map operations,HashMap,1000,,,77836549.0,ns,260
map operations,HashMap,1000,,,71960370.0,ns,264
map operations,HashMap,1000,,,72817436.0,ns,268
map operations,HashMap,1000,,,71931053.0,ns,272
map operations,HashMap,1000,,,76497635.0,ns,276
map operations,HashMap,1000,,,75064690.0,ns,280
map operations,HashMap,1000,,,76533506.0,ns,284
map operations,HashMap,1000,,,76862046.0,ns,288
map operations,HashMap,1000,,,78956532.0,ns,292
map operations,HashMap,1000,,,79115375.0,ns,296
map operations,HashMap,1000,,,81775469.0,ns,300
map operations,HashMap,1000,,,81031088.0,ns,304
map operations,HashMap,1000,,,82705351.0,ns,308
map operations,HashMap,1000,,,83225920.0,ns,312
map operations,HashMap,1000,,,85183871.0,ns,316
map operations,HashMap,1000,,,85356828.0,ns,320
map operations,HashMap,1000,,,86277819.0,ns,324
map operations,HashMap,1000,,,91358231.0,ns,328
map operations,HashMap,1000,,,89311418.0,ns,332
map operations,HashMap,1000,,,89396723.0,ns,336
map operations,HashMap,1000,,,90450747.0,ns,340
map operations,HashMap,1000,,,91284858.0,ns,344
map operations,HashMap,1000,,,93303086.0,ns,348
map operations,HashMap,1000,,,95318079.0,ns,352
map operations,HashMap,1000,,,104739345.0,ns,356
map operations,HashMap,1000,,,97390327.0,ns,360
map operations,HashMap,1000,,,96994175.0,ns,364
map operations,HashMap,1000,,,99313901.0,ns,368
map operations,HashMap,1000,,,100632762.0,ns,372
map operations,HashMap,1000,,,102460107.0,ns,376
map operations,HashMap,1000,,,102125646.0,ns,380
map operations,HashMap,1000,,,101639726.0,ns,384
map operations,HashMap,1000,,,102310418.0,ns,388
map operations,HashMap,1000,,,104499827.0,ns,392
map operations,HashMap,1000,,,107159397.0,ns,396
map operations,HashMap,1000,,,109847478.0,ns,400
