{"mean":{"confidence_interval":{"confidence_level":0.95,"lower_bound":46321.66281360036,"upper_bound":48481.67997961648},"point_estimate":47309.3018709599,"standard_error":552.7000877032281},"median":{"confidence_interval":{"confidence_level":0.95,"lower_bound":45244.138477801265,"upper_bound":45701.565796210954},"point_estimate":45454.48242439609,"standard_error":110.80940402239456},"median_abs_dev":{"confidence_interval":{"confidence_level":0.95,"lower_bound":681.8503007647147,"upper_bound":1314.7108293269337},"point_estimate":979.2297501396234,"standard_error":150.87198375160773},"slope":{"confidence_interval":{"confidence_level":0.95,"lower_bound":45394.17928141663,"upper_bound":46047.27960959364},"point_estimate":45689.69444429518,"standard_error":167.99411262889112},"std_dev":{"confidence_interval":{"confidence_level":0.95,"lower_bound":3165.168847576356,"upper_bound":7339.567783231599},"point_estimate":5554.714029124673,"standard_error":1048.1995227781197}}