group,function,value,throughput_num,throughput_type,sample_measured_value,unit,iteration_count
map operations,BSTMap,100,,,1121091.0,ns,22
map operations,BSTMap,100,,,1996891.0,ns,44
map operations,BSTMap,100,,,3258567.0,ns,66
map operations,BSTMap,100,,,4728728.0,ns,88
map operations,BSTMap,100,,,7751934.0,ns,110
map operations,BSTMap,100,,,9159643.0,ns,132
map operations,BSTMap,100,,,11289335.0,ns,154
map operations,BSTMap,100,,,11880270.0,ns,176
map operations,BSTMap,100,,,13468319.0,ns,198
map operations,BSTMap,100,,,10916067.0,ns,220
map operations,BSTMap,100,,,11994128.0,ns,242
map operations,BSTMap,100,,,12813074.0,ns,264
map operations,BSTMap,100,,,13718435.0,ns,286
map operations,BSTMap,100,,,14887990.0,ns,308
map operations,BSTMap,100,,,15942394.0,ns,330
map operations,BSTMap,100,,,15884435.0,ns,352
map operations,BSTMap,100,,,16673972.0,ns,374
map operations,BSTMap,100,,,17768370.0,ns,396
map operations,BSTMap,100,,,18793835.0,ns,418
map operations,BSTMap,100,,,20590213.0,ns,440
map operations,BSTMap,100,,,20898454.0,ns,462
map operations,BSTMap,100,,,25113241.0,ns,484
map operations,BSTMap,100,,,25250440.0,ns,506
map operations,BSTMap,100,,,23979248.0,ns,528
map operations,BSTMap,100,,,24454297.0,ns,550
map operations,BSTMap,100,,,27719147.0,ns,572
map operations,BSTMap,100,,,26606900.0,ns,594
map operations,BSTMap,100,,,27855526.0,ns,616
map operations,BSTMap,100,,,29415206.0,ns,638
map operations,BSTMap,100,,,29788099.0,ns,660
map operations,BSTMap,100,,,30477330.0,ns,682
map operations,BSTMap,100,,,31368871.0,ns,704
map operations,BSTMap,100,,,32521345.0,ns,726
map operations,BSTMap,100,,,33664431.0,ns,748
map operations,BSTMap,100,,,34934958.0,ns,770
map operations,BSTMap,100,,,37042397.0,ns,792
map operations,BSTMap,100,,,37300215.0,ns,814
map operations,BSTMap,100,,,37566848.0,ns,836
map operations,BSTMap,100,,,38601853.0,ns,858
map operations,BSTMap,100,,,48797728.0,ns,880
map operations,BSTMap,100,,,40832106.0,ns,902
map operations,BSTMap,100,,,41329515.0,ns,924
map operations,BSTMap,100,,,42852888.0,ns,946
map operations,BSTMap,100,,,45220626.0,ns,968
map operations,BSTMap,100,,,44238089.0,ns,990
map operations,BSTMap,100,,,46025471.0,ns,1012
map operations,BSTMap,100,,,46373554.0,ns,1034
map operations,BSTMap,100,,,47018725.0,ns,1056
map operations,BSTMap,100,,,50959077.0,ns,1078
map operations,BSTMap,100,,,51309858.0,ns,1100
map operations,BSTMap,100,,,50475192.0,ns,1122
map operations,BSTMap,100,,,52733563.0,ns,1144
map operations,BSTMap,100,,,52853692.0,ns,1166
map operations,BSTMap,100,,,54769548.0,ns,1188
map operations,BSTMap,100,,,54184325.0,ns,1210
map operations,BSTMap,100,,,55056585.0,ns,1232
map operations,BSTMap,100,,,56079826.0,ns,1254
map operations,BSTMap,100,,,58001551.0,ns,1276
map operations,BSTMap,100,,,59538343.0,ns,1298
map operations,BSTMap,100,,,60050591.0,ns,1320
map operations,BSTMap,100,,,63661318.0,ns,1342
map operations,BSTMap,100,,,63072051.0,ns,1364
map operations,BSTMap,100,,,63490823.0,ns,1386
map operations,BSTMap,100,,,63803349.0,ns,1408
map operations,BSTMap,100,,,63705572.0,ns,1430
map operations,BSTMap,100,,,66983599.0,ns,1452
map operations,BSTMap,100,,,66198482.0,ns,1474
map operations,BSTMap,100,,,67997993.0,ns,1496
map operations,BSTMap,100,,,68658898.0,ns,1518
map operations,BSTMap,100,,,71897827.0,ns,1540
map operations,BSTMap,100,,,70218079.0,ns,1562
map operations,BSTMap,100,,,71085106.0,ns,1584
map operations,BSTMap,100,,,73081285.0,ns,1606
map operations,BSTMap,100,,,73691948.0,ns,1628
map operations,BSTMap,100,,,82597842.0,ns,1650
map operations,BSTMap,100,,,74397558.0,ns,1672
map operations,BSTMap,100,,,77768816.0,ns,1694
map operations,BSTMap,100,,,78925722.0,ns,1716
map operations,BSTMap,100,,,77068038.0,ns,1738
map operations,BSTMap,100,,,81271103.0,ns,1760
map operations,BSTMap,100,,,79191733.0,ns,1782
map operations,BSTMap,100,,,82213939.0,ns,1804
map operations,BSTMap,100,,,83105276.0,ns,1826
map operations,BSTMap,100,,,82983494.0,ns,1848
map operations,BSTMap,100,,,84486491.0,ns,1870
map operations,BSTMap,100,,,85601910.0,ns,1892
map operations,BSTMap,100,,,88874202.0,ns,1914
map operations,BSTMap,100,,,86515536.0,ns,1936
map operations,BSTMap,100,,,89041827.0,ns,1958
map operations,BSTMap,100,,,89377968.0,ns,1980
map operations,BSTMap,100,,,91220853.0,ns,2002
map operations,BSTMap,100,,,95563192.0,ns,2024
map operations,BSTMap,100,,,93286259.0,ns,2046
map operations,BSTMap,100,,,92911432.0,ns,2068
map operations,BSTMap,100,,,93550022.0,ns,2090
map operations,BSTMap,100,,,94584308.0,ns,2112
map operations,BSTMap,100,,,96180212.0,ns,2134
map operations,BSTMap,100,,,106623952.0,ns,2156
map operations,BSTMap,100,,,99512975.0,ns,2178
map operations,BSTMap,100,,,99286807.0,ns,2200
