group,function,value,throughput_num,throughput_type,sample_measured_value,unit,iteration_count
insert,BTreeMap,100,,,1036396.0,ns,265
insert,BTreeMap,100,,,1868181.0,ns,530
insert,BTreeMap,100,,,2859781.0,ns,795
insert,BTreeMap,100,,,3854220.0,ns,1060
insert,BTreeMap,100,,,5772402.0,ns,1325
insert,BTreeMap,100,,,6140895.0,ns,1590
insert,BTreeMap,100,,,7791512.0,ns,1855
insert,BTreeMap,100,,,8162089.0,ns,2120
insert,BTreeMap,100,,,9438358.0,ns,2385
insert,BTreeMap,100,,,10388606.0,ns,2650
insert,BTreeMap,100,,,11430904.0,ns,2915
insert,BTreeMap,100,,,13251276.0,ns,3180
insert,BTreeMap,100,,,12546105.0,ns,3445
insert,BTreeMap,100,,,13635312.0,ns,3710
insert,BTreeMap,100,,,14874493.0,ns,3975
insert,BTreeMap,100,,,15495279.0,ns,4240
insert,BTreeMap,100,,,16823982.0,ns,4505
insert,BTreeMap,100,,,19264511.0,ns,4770
insert,BTreeMap,100,,,20340352.0,ns,5035
insert,BTreeMap,100,,,19758284.0,ns,5300
insert,BTreeMap,100,,,20211096.0,ns,5565
insert,BTreeMap,100,,,21254147.0,ns,5830
insert,BTreeMap,100,,,22100211.0,ns,6095
insert,BTreeMap,100,,,23518568.0,ns,6360
insert,BTreeMap,100,,,24256661.0,ns,6625
insert,BTreeMap,100,,,25214671.0,ns,6890
insert,BTreeMap,100,,,26964386.0,ns,7155
insert,BTreeMap,100,,,27006851.0,ns,7420
insert,BTreeMap,100,,,28268627.0,ns,7685
insert,BTreeMap,100,,,28945241.0,ns,7950
insert,BTreeMap,100,,,29937438.0,ns,8215
insert,BTreeMap,100,,,31129914.0,ns,8480
insert,BTreeMap,100,,,32779349.0,ns,8745
insert,BTreeMap,100,,,32882869.0,ns,9010
insert,BTreeMap,100,,,34197005.0,ns,9275
insert,BTreeMap,100,,,35880566.0,ns,9540
insert,BTreeMap,100,,,36351807.0,ns,9805
insert,BTreeMap,100,,,37048136.0,ns,10070
insert,BTreeMap,100,,,40220278.0,ns,10335
insert,BTreeMap,100,,,42387379.0,ns,10600
insert,BTreeMap,100,,,41425424.0,ns,10865
insert,BTreeMap,100,,,41155846.0,ns,11130
insert,BTreeMap,100,,,41903575.0,ns,11395
insert,BTreeMap,100,,,43229699.0,ns,11660
insert,BTreeMap,100,,,44323949.0,ns,11925
insert,BTreeMap,100,,,57968329.0,ns,12190
insert,BTreeMap,100,,,46774207.0,ns,12455
insert,BTreeMap,100,,,47375810.0,ns,12720
insert,BTreeMap,100,,,48947656.0,ns,12985
insert,BTreeMap,100,,,49605709.0,ns,13250
insert,BTreeMap,100,,,54341527.0,ns,13515
insert,BTreeMap,100,,,50901649.0,ns,13780
insert,BTreeMap,100,,,52740012.0,ns,14045
insert,BTreeMap,100,,,53234688.0,ns,14310
insert,BTreeMap,100,,,54113965.0,ns,14575
insert,BTreeMap,100,,,54507784.0,ns,14840
insert,BTreeMap,100,,,56373504.0,ns,15105
insert,BTreeMap,100,,,56329913.0,ns,15370
insert,BTreeMap,100,,,57383417.0,ns,15635
insert,BTreeMap,100,,,57901933.0,ns,15900
insert,BTreeMap,100,,,59889332.0,ns,16165
insert,BTreeMap,100,,,60265925.0,ns,16430
insert,BTreeMap,100,,,64639225.0,ns,16695
insert,BTreeMap,100,,,91792687.0,ns,16960
insert,BTreeMap,100,,,83925850.0,ns,17225
insert,BTreeMap,100,,,69257796.0,ns,17490
insert,BTreeMap,100,,,66337167.0,ns,17755
insert,BTreeMap,100,,,76640725.0,ns,18020
insert,BTreeMap,100,,,67534981.0,ns,18285
insert,BTreeMap,100,,,68812858.0,ns,18550
insert,BTreeMap,100,,,68618961.0,ns,18815
insert,BTreeMap,100,,,72718858.0,ns,19080
insert,BTreeMap,100,,,71724156.0,ns,19345
insert,BTreeMap,100,,,72242489.0,ns,19610
insert,BTreeMap,100,,,73610364.0,ns,19875
insert,BTreeMap,100,,,74510950.0,ns,20140
insert,BTreeMap,100,,,75099257.0,ns,20405
insert,BTreeMap,100,,,86283993.0,ns,20670
insert,BTreeMap,100,,,78436481.0,ns,20935
insert,BTreeMap,100,,,78915530.0,ns,21200
insert,BTreeMap,100,,,79365521.0,ns,21465
insert,BTreeMap,100,,,80632335.0,ns,21730
insert,BTreeMap,100,,,81378810.0,ns,21995
insert,BTreeMap,100,,,81783078.0,ns,22260
insert,BTreeMap,100,,,85025626.0,ns,22525
insert,BTreeMap,100,,,84704580.0,ns,22790
insert,BTreeMap,100,,,85201961.0,ns,23055
insert,BTreeMap,100,,,85839498.0,ns,23320
insert,BTreeMap,100,,,86540231.0,ns,23585
insert,BTreeMap,100,,,89198312.0,ns,23850
insert,BTreeMap,100,,,90671887.0,ns,24115
insert,BTreeMap,100,,,89585974.0,ns,24380
insert,BTreeMap,100,,,93509168.0,ns,24645
insert,BTreeMap,100,,,91843341.0,ns,24910
insert,BTreeMap,100,,,93243352.0,ns,25175
insert,BTreeMap,100,,,95530809.0,ns,25440
insert,BTreeMap,100,,,94461050.0,ns,25705
insert,BTreeMap,100,,,99152533.0,ns,25970
insert,BTreeMap,100,,,101586810.0,ns,26235
insert,BTreeMap,100,,,98142049.0,ns,26500
