{"mean":{"confidence_interval":{"confidence_level":0.95,"lower_bound":2010864.8120399993,"upper_bound":2034855.483549999},"point_estimate":2021818.4883999997,"standard_error":6145.348052658754},"median":{"confidence_interval":{"confidence_level":0.95,"lower_bound":1996591.52,"upper_bound":2009273.2},"point_estimate":2001295.02,"standard_error":3004.7249972434506},"median_abs_dev":{"confidence_interval":{"confidence_level":0.95,"lower_bound":17065.20012903206,"upper_bound":31745.99402439612},"point_estimate":23162.62973678109,"standard_error":3690.698474726712},"slope":null,"std_dev":{"confidence_interval":{"confidence_level":0.95,"lower_bound":36160.075993337516,"upper_bound":84761.78962679203},"point_estimate":61960.516892268744,"standard_error":12617.057648108212}}