{"mean":{"confidence_interval":{"confidence_level":0.95,"lower_bound":537395.0170941984,"upper_bound":549037.4839945707},"point_estimate":542340.7674114481,"standard_error":3014.3954370204947},"median":{"confidence_interval":{"confidence_level":0.95,"lower_bound":532502.3865979381,"upper_bound":537683.3336801222},"point_estimate":534557.0185587262,"standard_error":1144.666612228893},"median_abs_dev":{"confidence_interval":{"confidence_level":0.95,"lower_bound":6044.811123819504,"upper_bound":11579.853454957662},"point_estimate":7962.089265272537,"standard_error":1368.0953174992578},"slope":{"confidence_interval":{"confidence_level":0.95,"lower_bound":534979.6326351435,"upper_bound":542741.4029049932},"point_estimate":538300.005713019,"standard_error":2009.1858030397686},"std_dev":{"confidence_interval":{"confidence_level":0.95,"lower_bound":12808.17485587196,"upper_bound":47013.21121076129},"point_estimate":30254.364154585797,"standard_error":10150.108312169477}}