group,function,value,throughput_num,throughput_type,sample_measured_value,unit,iteration_count
map operations,BTreeMap,50,,,999788.0,ns,98
map operations,BTreeMap,50,,,2192684.0,ns,196
map operations,BTreeMap,50,,,2824832.0,ns,294
map operations,BTreeMap,50,,,3804520.0,ns,392
map operations,BTreeMap,50,,,5407476.0,ns,490
map operations,BTreeMap,50,,,6102659.0,ns,588
map operations,BTreeMap,50,,,7237549.0,ns,686
map operations,BTreeMap,50,,,8288465.0,ns,784
map operations,BTreeMap,50,,,9350035.0,ns,882
map operations,BTreeMap,50,,,10560181.0,ns,980
map operations,BTreeMap,50,,,11743397.0,ns,1078
map operations,BTreeMap,50,,,12286580.0,ns,1176
map operations,BTreeMap,50,,,12990707.0,ns,1274
map operations,BTreeMap,50,,,13733765.0,ns,1372
map operations,BTreeMap,50,,,15574413.0,ns,1470
map operations,BTreeMap,50,,,16488024.0,ns,1568
map operations,BTreeMap,50,,,16615845.0,ns,1666
map operations,BTreeMap,50,,,17680127.0,ns,1764
map operations,BTreeMap,50,,,18682309.0,ns,1862
map operations,BTreeMap,50,,,19677296.0,ns,1960
map operations,BTreeMap,50,,,20167928.0,ns,2058
map operations,BTreeMap,50,,,21699820.0,ns,2156
map operations,BTreeMap,50,,,22042329.0,ns,2254
map operations,BTreeMap,50,,,26456132.0,ns,2352
map operations,BTreeMap,50,,,25262995.0,ns,2450
map operations,BTreeMap,50,,,25487906.0,ns,2548
map operations,BTreeMap,50,,,26125378.0,ns,2646
map operations,BTreeMap,50,,,27354363.0,ns,2744
map operations,BTreeMap,50,,,28358540.0,ns,2842
map operations,BTreeMap,50,,,29609729.0,ns,2940
map operations,BTreeMap,50,,,30368484.0,ns,3038
map operations,BTreeMap,50,,,31313461.0,ns,3136
map operations,BTreeMap,50,,,32182670.0,ns,3234
map operations,BTreeMap,50,,,33368685.0,ns,3332
map operations,BTreeMap,50,,,33810207.0,ns,3430
map operations,BTreeMap,50,,,35174348.0,ns,3528
map operations,BTreeMap,50,,,36573851.0,ns,3626
map operations,BTreeMap,50,,,38677841.0,ns,3724
map operations,BTreeMap,50,,,38584816.0,ns,3822
map operations,BTreeMap,50,,,40385837.0,ns,3920
map operations,BTreeMap,50,,,40313438.0,ns,4018
map operations,BTreeMap,50,,,40845487.0,ns,4116
map operations,BTreeMap,50,,,41931517.0,ns,4214
map operations,BTreeMap,50,,,42525894.0,ns,4312
map operations,BTreeMap,50,,,43877830.0,ns,4410
map operations,BTreeMap,50,,,46278906.0,ns,4508
map operations,BTreeMap,50,,,45869154.0,ns,4606
map operations,BTreeMap,50,,,46695294.0,ns,4704
map operations,BTreeMap,50,,,48458747.0,ns,4802
map operations,BTreeMap,50,,,48898556.0,ns,4900
map operations,BTreeMap,50,,,53237772.0,ns,4998
map operations,BTreeMap,50,,,52666606.0,ns,5096
map operations,BTreeMap,50,,,51984376.0,ns,5194
map operations,BTreeMap,50,,,52410145.0,ns,5292
map operations,BTreeMap,50,,,53638026.0,ns,5390
map operations,BTreeMap,50,,,54989917.0,ns,5488
map operations,BTreeMap,50,,,55532408.0,ns,5586
map operations,BTreeMap,50,,,57894803.0,ns,5684
map operations,BTreeMap,50,,,57866385.0,ns,5782
map operations,BTreeMap,50,,,59095618.0,ns,5880
map operations,BTreeMap,50,,,66072683.0,ns,5978
map operations,BTreeMap,50,,,62230073.0,ns,6076
map operations,BTreeMap,50,,,70091044.0,ns,6174
map operations,BTreeMap,50,,,63364251.0,ns,6272
map operations,BTreeMap,50,,,63399254.0,ns,6370
map operations,BTreeMap,50,,,64652372.0,ns,6468
map operations,BTreeMap,50,,,65142861.0,ns,6566
map operations,BTreeMap,50,,,67795474.0,ns,6664
map operations,BTreeMap,50,,,67518031.0,ns,6762
map operations,BTreeMap,50,,,70184084.0,ns,6860
map operations,BTreeMap,50,,,70850233.0,ns,6958
map operations,BTreeMap,50,,,72390900.0,ns,7056
map operations,BTreeMap,50,,,72404391.0,ns,7154
map operations,BTreeMap,50,,,72332725.0,ns,7252
map operations,BTreeMap,50,,,73812710.0,ns,7350
map operations,BTreeMap,50,,,73842570.0,ns,7448
map operations,BTreeMap,50,,,75315621.0,ns,7546
map operations,BTreeMap,50,,,76508341.0,ns,7644
map operations,BTreeMap,50,,,78442761.0,ns,7742
map operations,BTreeMap,50,,,79060154.0,ns,7840
map operations,BTreeMap,50,,,81747847.0,ns,7938
map operations,BTreeMap,50,,,83228869.0,ns,8036
map operations,BTreeMap,50,,,83700505.0,ns,8134
map operations,BTreeMap,50,,,83997630.0,ns,8232
map operations,BTreeMap,50,,,86293129.0,ns,8330
map operations,BTreeMap,50,,,86836267.0,ns,8428
map operations,BTreeMap,50,,,89022948.0,ns,8526
map operations,BTreeMap,50,,,86928921.0,ns,8624
map operations,BTreeMap,50,,,98237043.0,ns,8722
map operations,BTreeMap,50,,,92888885.0,ns,8820
map operations,BTreeMap,50,,,89088305.0,ns,8918
map operations,BTreeMap,50,,,90836140.0,ns,9016
map operations,BTreeMap,50,,,95884845.0,ns,9114
map operations,BTreeMap,50,,,92574080.0,ns,9212
map operations,BTreeMap,50,,,92647704.0,ns,9310
map operations,BTreeMap,50,,,96012544.0,ns,9408
map operations,BTreeMap,50,,,95933910.0,ns,9506
map operations,BTreeMap,50,,,97079049.0,ns,9604
map operations,BTreeMap,50,,,97991597.0,ns,9702
map operations,BTreeMap,50,,,99757041.0,ns,9800
