group,function,value,throughput_num,throughput_type,sample_measured_value,unit,iteration_count
get,BTreeMap,500,,,1015226.0,ns,26
get,BTreeMap,500,,,1992575.0,ns,52
get,BTreeMap,500,,,3447101.0,ns,78
get,BTreeMap,500,,,4320331.0,ns,104
get,BTreeMap,500,,,5303354.0,ns,130
get,BTreeMap,500,,,6519224.0,ns,156
get,BTreeMap,500,,,7613015.0,ns,182
get,BTreeMap,500,,,8438960.0,ns,208
get,BTreeMap,500,,,9460807.0,ns,234
get,BTreeMap,500,,,11217072.0,ns,260
get,BTreeMap,500,,,11449826.0,ns,286
get,BTreeMap,500,,,12664041.0,ns,312
get,BTreeMap,500,,,13407605.0,ns,338
get,BTreeMap,500,,,14215153.0,ns,364
get,BTreeMap,500,,,14868247.0,ns,390
get,BTreeMap,500,,,16109821.0,ns,416
get,BTreeMap,500,,,17285781.0,ns,442
get,BTreeMap,500,,,18989818.0,ns,468
get,BTreeMap,500,,,19601447.0,ns,494
get,BTreeMap,500,,,20452489.0,ns,520
get,BTreeMap,500,,,21072320.0,ns,546
get,BTreeMap,500,,,22060079.0,ns,572
get,BTreeMap,500,,,22627640.0,ns,598
get,BTreeMap,500,,,24693429.0,ns,624
get,BTreeMap,500,,,34600427.0,ns,650
get,BTreeMap,500,,,26164196.0,ns,676
get,BTreeMap,500,,,27480885.0,ns,702
get,BTreeMap,500,,,28729814.0,ns,728
get,BTreeMap,500,,,30224900.0,ns,754
get,BTreeMap,500,,,31036104.0,ns,780
get,BTreeMap,500,,,31145386.0,ns,806
get,BTreeMap,500,,,32052856.0,ns,832
get,BTreeMap,500,,,32901343.0,ns,858
get,BTreeMap,500,,,34884298.0,ns,884
get,BTreeMap,500,,,36312148.0,ns,910
get,BTreeMap,500,,,35701609.0,ns,936
get,BTreeMap,500,,,37118233.0,ns,962
get,BTreeMap,500,,,37488988.0,ns,988
get,BTreeMap,500,,,38720529.0,ns,1014
get,BTreeMap,500,,,40232461.0,ns,1040
get,BTreeMap,500,,,41005396.0,ns,1066
get,BTreeMap,500,,,42814472.0,ns,1092
get,BTreeMap,500,,,43256021.0,ns,1118
get,BTreeMap,500,,,44180231.0,ns,1144
get,BTreeMap,500,,,45103565.0,ns,1170
get,BTreeMap,500,,,46148243.0,ns,1196
get,BTreeMap,500,,,47219760.0,ns,1222
get,BTreeMap,500,,,48208138.0,ns,1248
get,BTreeMap,500,,,50667014.0,ns,1274
get,BTreeMap,500,,,49976963.0,ns,1300
get,BTreeMap,500,,,50829782.0,ns,1326
get,BTreeMap,500,,,53562885.0,ns,1352
get,BTreeMap,500,,,53773174.0,ns,1378
get,BTreeMap,500,,,54815764.0,ns,1404
get,BTreeMap,500,,,55339489.0,ns,1430
get,BTreeMap,500,,,56167484.0,ns,1456
get,BTreeMap,500,,,56607691.0,ns,1482
get,BTreeMap,500,,,57655573.0,ns,1508
get,BTreeMap,500,,,58382799.0,ns,1534
get,BTreeMap,500,,,62123718.0,ns,1560
get,BTreeMap,500,,,60742116.0,ns,1586
get,BTreeMap,500,,,62016301.0,ns,1612
get,BTreeMap,500,,,62646755.0,ns,1638
get,BTreeMap,500,,,64951618.0,ns,1664
get,BTreeMap,500,,,65808126.0,ns,1690
get,BTreeMap,500,,,65960649.0,ns,1716
get,BTreeMap,500,,,66868139.0,ns,1742
get,BTreeMap,500,,,76319790.0,ns,1768
get,BTreeMap,500,,,73214029.0,ns,1794
get,BTreeMap,500,,,72443807.0,ns,1820
get,BTreeMap,500,,,71488328.0,ns,1846
get,BTreeMap,500,,,75153619.0,ns,1872
get,BTreeMap,500,,,72796549.0,ns,1898
get,BTreeMap,500,,,73940319.0,ns,1924
get,BTreeMap,500,,,76256159.0,ns,1950
get,BTreeMap,500,,,77390213.0,ns,1976
get,BTreeMap,500,,,80413501.0,ns,2002
get,BTreeMap,500,,,79888321.0,ns,2028
get,BTreeMap,500,,,81071240.0,ns,2054
get,BTreeMap,500,,,80026922.0,ns,2080
get,BTreeMap,500,,,81255057.0,ns,2106
get,BTreeMap,500,,,82736730.0,ns,2132
get,BTreeMap,500,,,84002937.0,ns,2158
get,BTreeMap,500,,,87869686.0,ns,2184
get,BTreeMap,500,,,86338916.0,ns,2210
get,BTreeMap,500,,,85925515.0,ns,2236
get,BTreeMap,500,,,86590754.0,ns,2262
get,BTreeMap,500,,,88215478.0,ns,2288
get,BTreeMap,500,,,89258840.0,ns,2314
get,BTreeMap,500,,,90807666.0,ns,2340
get,BTreeMap,500,,,93760708.0,ns,2366
get,BTreeMap,500,,,100291274.0,ns,2392
get,BTreeMap,500,,,96665903.0,ns,2418
get,BTreeMap,500,,,96751493.0,ns,2444
get,BTreeMap,500,,,96088972.0,ns,2470
get,BTreeMap,500,,,95623150.0,ns,2496
get,BTreeMap,500,,,98801075.0,ns,2522
get,BTreeMap,500,,,100499964.0,ns,2548
get,BTreeMap,500,,,99086047.0,ns,2574
get,BTreeMap,500,,,100531274.0,ns,2600
