{"mean":{"confidence_interval":{"confidence_level":0.95,"lower_bound":4147.733228034994,"upper_bound":4199.36735232975},"point_estimate":4171.8630226486985,"standard_error":13.184347814111318},"median":{"confidence_interval":{"confidence_level":0.95,"lower_bound":4123.286978592341,"upper_bound":4157.357539242112},"point_estimate":4134.609799451696,"standard_error":9.59988073725214},"median_abs_dev":{"confidence_interval":{"confidence_level":0.95,"lower_bound":46.54926810316683,"upper_bound":81.27853773494213},"point_estimate":59.818548665612724,"standard_error":9.60703353296225},"slope":{"confidence_interval":{"confidence_level":0.95,"lower_bound":4138.169660904345,"upper_bound":4185.334691680538},"point_estimate":4159.285856572864,"standard_error":12.129093374099208},"std_dev":{"confidence_interval":{"confidence_level":0.95,"lower_bound":88.85839388378348,"upper_bound":171.80080209207196},"point_estimate":132.5049350063276,"standard_error":21.205099151208923}}