group,function,value,throughput_num,throughput_type,sample_measured_value,unit,iteration_count
get,HashMap,100,,,950130.0,ns,238
get,HashMap,100,,,1902955.0,ns,476
get,HashMap,100,,,2831210.0,ns,714
get,HashMap,100,,,4027645.0,ns,952
get,HashMap,100,,,5667798.0,ns,1190
get,HashMap,100,,,5988180.0,ns,1428
get,HashMap,100,,,7344267.0,ns,1666
get,HashMap,100,,,8329639.0,ns,1904
get,HashMap,100,,,9566392.0,ns,2142
get,HashMap,100,,,10513508.0,ns,2380
get,HashMap,100,,,11345370.0,ns,2618
get,HashMap,100,,,12375670.0,ns,2856
get,HashMap,100,,,12902560.0,ns,3094
get,HashMap,100,,,13565181.0,ns,3332
get,HashMap,100,,,14859084.0,ns,3570
get,HashMap,100,,,15718833.0,ns,3808
get,HashMap,100,,,16572786.0,ns,4046
get,HashMap,100,,,17517453.0,ns,4284
get,HashMap,100,,,18625529.0,ns,4522
get,HashMap,100,,,19271014.0,ns,4760
get,HashMap,100,,,20483328.0,ns,4998
get,HashMap,100,,,21463415.0,ns,5236
get,HashMap,100,,,23315735.0,ns,5474
get,HashMap,100,,,23595380.0,ns,5712
get,HashMap,100,,,25095052.0,ns,5950
get,HashMap,100,,,25518618.0,ns,6188
get,HashMap,100,,,26024844.0,ns,6426
get,HashMap,100,,,27547276.0,ns,6664
get,HashMap,100,,,30394806.0,ns,6902
get,HashMap,100,,,30403184.0,ns,7140
get,HashMap,100,,,31004585.0,ns,7378
get,HashMap,100,,,32717488.0,ns,7616
get,HashMap,100,,,32816258.0,ns,7854
get,HashMap,100,,,33360776.0,ns,8092
get,HashMap,100,,,34870269.0,ns,8330
get,HashMap,100,,,35585268.0,ns,8568
get,HashMap,100,,,36149416.0,ns,8806
get,HashMap,100,,,36551479.0,ns,9044
get,HashMap,100,,,38076720.0,ns,9282
get,HashMap,100,,,38710780.0,ns,9520
get,HashMap,100,,,39767643.0,ns,9758
get,HashMap,100,,,40496251.0,ns,9996
get,HashMap,100,,,44638342.0,ns,10234
get,HashMap,100,,,43328577.0,ns,10472
get,HashMap,100,,,44534542.0,ns,10710
get,HashMap,100,,,45048652.0,ns,10948
get,HashMap,100,,,46456200.0,ns,11186
get,HashMap,100,,,47787702.0,ns,11424
get,HashMap,100,,,47781852.0,ns,11662
get,HashMap,100,,,49498629.0,ns,11900
get,HashMap,100,,,50078016.0,ns,12138
get,HashMap,100,,,50795938.0,ns,12376
get,HashMap,100,,,52440908.0,ns,12614
get,HashMap,100,,,53072300.0,ns,12852
get,HashMap,100,,,54282174.0,ns,13090
get,HashMap,100,,,64189158.0,ns,13328
get,HashMap,100,,,57005825.0,ns,13566
get,HashMap,100,,,57318303.0,ns,13804
get,HashMap,100,,,57454342.0,ns,14042
get,HashMap,100,,,58519936.0,ns,14280
get,HashMap,100,,,59430166.0,ns,14518
get,HashMap,100,,,62820486.0,ns,14756
get,HashMap,100,,,61688102.0,ns,14994
get,HashMap,100,,,63236934.0,ns,15232
get,HashMap,100,,,63932277.0,ns,15470
get,HashMap,100,,,64332437.0,ns,15708
get,HashMap,100,,,65513155.0,ns,15946
get,HashMap,100,,,66326042.0,ns,16184
get,HashMap,100,,,66832006.0,ns,16422
get,HashMap,100,,,69354808.0,ns,16660
get,HashMap,100,,,71087680.0,ns,16898
get,HashMap,100,,,70223822.0,ns,17136
get,HashMap,100,,,71915025.0,ns,17374
get,HashMap,100,,,72087022.0,ns,17612
get,HashMap,100,,,73805060.0,ns,17850
get,HashMap,100,,,73492166.0,ns,18088
get,HashMap,100,,,78577098.0,ns,18326
get,HashMap,100,,,77937350.0,ns,18564
get,HashMap,100,,,77159803.0,ns,18802
get,HashMap,100,,,77916972.0,ns,19040
get,HashMap,100,,,79088655.0,ns,19278
get,HashMap,100,,,79734605.0,ns,19516
get,HashMap,100,,,83035303.0,ns,19754
get,HashMap,100,,,83791673.0,ns,19992
get,HashMap,100,,,91730473.0,ns,20230
get,HashMap,100,,,84401670.0,ns,20468
get,HashMap,100,,,85134274.0,ns,20706
get,HashMap,100,,,86913519.0,ns,20944
get,HashMap,100,,,90031822.0,ns,21182
get,HashMap,100,,,87957890.0,ns,21420
get,HashMap,100,,,90392557.0,ns,21658
get,HashMap,100,,,90034064.0,ns,21896
get,HashMap,100,,,93135150.0,ns,22134
get,HashMap,100,,,92496639.0,ns,22372
get,HashMap,100,,,93264312.0,ns,22610
get,HashMap,100,,,93510093.0,ns,22848
get,HashMap,100,,,96366611.0,ns,23086
get,HashMap,100,,,96976951.0,ns,23324
get,HashMap,100,,,98211624.0,ns,23562
get,HashMap,100,,,99399694.0,ns,23800
