group,function,value,throughput_num,throughput_type,sample_measured_value,unit,iteration_count
insert,BTreeMap,50,,,1161299.0,ns,614
insert,BTreeMap,50,,,2063327.0,ns,1228
insert,BTreeMap,50,,,2824602.0,ns,1842
insert,BTreeMap,50,,,3696713.0,ns,2456
insert,BTreeMap,50,,,5246427.0,ns,3070
insert,BTreeMap,50,,,6228784.0,ns,3684
insert,BTreeMap,50,,,7081483.0,ns,4298
insert,BTreeMap,50,,,8437706.0,ns,4912
insert,BTreeMap,50,,,9224492.0,ns,5526
insert,BTreeMap,50,,,10650718.0,ns,6140
insert,BTreeMap,50,,,11034074.0,ns,6754
insert,BTreeMap,50,,,12441370.0,ns,7368
insert,BTreeMap,50,,,12882323.0,ns,7982
insert,BTreeMap,50,,,14032194.0,ns,8596
insert,BTreeMap,50,,,14576425.0,ns,9210
insert,BTreeMap,50,,,15544184.0,ns,9824
insert,BTreeMap,50,,,16473197.0,ns,10438
insert,BTreeMap,50,,,17517717.0,ns,11052
insert,BTreeMap,50,,,18306597.0,ns,11666
insert,BTreeMap,50,,,19034163.0,ns,12280
insert,BTreeMap,50,,,20133980.0,ns,12894
insert,BTreeMap,50,,,21081707.0,ns,13508
insert,BTreeMap,50,,,22316194.0,ns,14122
insert,BTreeMap,50,,,22885027.0,ns,14736
insert,BTreeMap,50,,,24002347.0,ns,15350
insert,BTreeMap,50,,,26009890.0,ns,15964
insert,BTreeMap,50,,,26265916.0,ns,16578
insert,BTreeMap,50,,,27256412.0,ns,17192
insert,BTreeMap,50,,,28453242.0,ns,17806
insert,BTreeMap,50,,,29074106.0,ns,18420
insert,BTreeMap,50,,,30088659.0,ns,19034
insert,BTreeMap,50,,,30251066.0,ns,19648
insert,BTreeMap,50,,,31836828.0,ns,20262
insert,BTreeMap,50,,,32639134.0,ns,20876
insert,BTreeMap,50,,,33490267.0,ns,21490
insert,BTreeMap,50,,,34716660.0,ns,22104
insert,BTreeMap,50,,,35786606.0,ns,22718
insert,BTreeMap,50,,,45289041.0,ns,23332
insert,BTreeMap,50,,,37136806.0,ns,23946
insert,BTreeMap,50,,,38745086.0,ns,24560
insert,BTreeMap,50,,,40723395.0,ns,25174
insert,BTreeMap,50,,,40894686.0,ns,25788
insert,BTreeMap,50,,,42831823.0,ns,26402
insert,BTreeMap,50,,,44189739.0,ns,27016
insert,BTreeMap,50,,,50185718.0,ns,27630
insert,BTreeMap,50,,,44602128.0,ns,28244
insert,BTreeMap,50,,,45214604.0,ns,28858
insert,BTreeMap,50,,,46752991.0,ns,29472
insert,BTreeMap,50,,,47240714.0,ns,30086
insert,BTreeMap,50,,,48880356.0,ns,30700
insert,BTreeMap,50,,,49239631.0,ns,31314
insert,BTreeMap,50,,,50064039.0,ns,31928
insert,BTreeMap,50,,,51935174.0,ns,32542
insert,BTreeMap,50,,,51663370.0,ns,33156
insert,BTreeMap,50,,,52963939.0,ns,33770
insert,BTreeMap,50,,,56194717.0,ns,34384
insert,BTreeMap,50,,,55178554.0,ns,34998
insert,BTreeMap,50,,,55924265.0,ns,35612
insert,BTreeMap,50,,,58102109.0,ns,36226
insert,BTreeMap,50,,,57252406.0,ns,36840
insert,BTreeMap,50,,,60251717.0,ns,37454
insert,BTreeMap,50,,,59648119.0,ns,38068
insert,BTreeMap,50,,,62434097.0,ns,38682
insert,BTreeMap,50,,,62639766.0,ns,39296
insert,BTreeMap,50,,,62766141.0,ns,39910
insert,BTreeMap,50,,,65423010.0,ns,40524
insert,BTreeMap,50,,,64351066.0,ns,41138
insert,BTreeMap,50,,,65796570.0,ns,41752
insert,BTreeMap,50,,,66577765.0,ns,42366
insert,BTreeMap,50,,,68353534.0,ns,42980
insert,BTreeMap,50,,,68885332.0,ns,43594
insert,BTreeMap,50,,,69496200.0,ns,44208
insert,BTreeMap,50,,,70644410.0,ns,44822
insert,BTreeMap,50,,,80333418.0,ns,45436
insert,BTreeMap,50,,,75141853.0,ns,46050
insert,BTreeMap,50,,,74670152.0,ns,46664
insert,BTreeMap,50,,,74089666.0,ns,47278
insert,BTreeMap,50,,,80946575.0,ns,47892
insert,BTreeMap,50,,,75731077.0,ns,48506
insert,BTreeMap,50,,,77486320.0,ns,49120
insert,BTreeMap,50,,,77480564.0,ns,49734
insert,BTreeMap,50,,,79663340.0,ns,50348
insert,BTreeMap,50,,,81047336.0,ns,50962
insert,BTreeMap,50,,,80563422.0,ns,51576
insert,BTreeMap,50,,,81745891.0,ns,52190
insert,BTreeMap,50,,,83428625.0,ns,52804
insert,BTreeMap,50,,,83989515.0,ns,53418
insert,BTreeMap,50,,,84585156.0,ns,54032
insert,BTreeMap,50,,,87554536.0,ns,54646
insert,BTreeMap,50,,,91667406.0,ns,55260
insert,BTreeMap,50,,,87336131.0,ns,55874
insert,BTreeMap,50,,,89118630.0,ns,56488
insert,BTreeMap,50,,,89376081.0,ns,57102
insert,BTreeMap,50,,,90920166.0,ns,57716
insert,BTreeMap,50,,,94707653.0,ns,58330
insert,BTreeMap,50,,,95689382.0,ns,58944
insert,BTreeMap,50,,,96200303.0,ns,59558
insert,BTreeMap,50,,,103820433.0,ns,60172
insert,BTreeMap,50,,,97987271.0,ns,60786
insert,BTreeMap,50,,,97108495.0,ns,61400
