group,function,value,throughput_num,throughput_type,sample_measured_value,unit,iteration_count
map operations,HashMap,100,,,1217521.0,ns,35
map operations,HashMap,100,,,2032233.0,ns,70
map operations,HashMap,100,,,2886060.0,ns,105
map operations,HashMap,100,,,3915716.0,ns,140
map operations,HashMap,100,,,5688688.0,ns,175
map operations,HashMap,100,,,6542604.0,ns,210
map operations,HashMap,100,,,7310569.0,ns,245
map operations,HashMap,100,,,8561028.0,ns,280
map operations,HashMap,100,,,9318856.0,ns,315
map operations,HashMap,100,,,11163919.0,ns,350
map operations,HashMap,100,,,11745291.0,ns,385
map operations,HashMap,100,,,12732282.0,ns,420
map operations,HashMap,100,,,13074623.0,ns,455
map operations,HashMap,100,,,14201865.0,ns,490
map operations,HashMap,100,,,15155080.0,ns,525
map operations,HashMap,100,,,16426716.0,ns,560
map operations,HashMap,100,,,17167021.0,ns,595
map operations,HashMap,100,,,17771018.0,ns,630
map operations,HashMap,100,,,18781220.0,ns,665
map operations,HashMap,100,,,20029571.0,ns,700
map operations,HashMap,100,,,20997433.0,ns,735
map operations,HashMap,100,,,21832828.0,ns,770
map operations,HashMap,100,,,22939367.0,ns,805
map operations,HashMap,100,,,23735063.0,ns,840
map operations,HashMap,100,,,24717463.0,ns,875
map operations,HashMap,100,,,25845532.0,ns,910
map operations,HashMap,100,,,26701548.0,ns,945
map operations,HashMap,100,,,28729531.0,ns,980
map operations,HashMap,100,,,29566093.0,ns,1015
map operations,HashMap,100,,,30697819.0,ns,1050
map operations,HashMap,100,,,30838024.0,ns,1085
map operations,HashMap,100,,,31936871.0,ns,1120
map operations,HashMap,100,,,32789916.0,ns,1155
map operations,HashMap,100,,,34300341.0,ns,1190
map operations,HashMap,100,,,38532193.0,ns,1225
map operations,HashMap,100,,,37693604.0,ns,1260
map operations,HashMap,100,,,36685418.0,ns,1295
map operations,HashMap,100,,,38202340.0,ns,1330
map operations,HashMap,100,,,38757667.0,ns,1365
map operations,HashMap,100,,,39509373.0,ns,1400
map operations,HashMap,100,,,42095715.0,ns,1435
map operations,HashMap,100,,,42635152.0,ns,1470
map operations,HashMap,100,,,42489378.0,ns,1505
map operations,HashMap,100,,,43935609.0,ns,1540
map operations,HashMap,100,,,46835626.0,ns,1575
map operations,HashMap,100,,,46758574.0,ns,1610
map operations,HashMap,100,,,50404486.0,ns,1645
map operations,HashMap,100,,,48800180.0,ns,1680
map operations,HashMap,100,,,51116934.0,ns,1715
map operations,HashMap,100,,,50270743.0,ns,1750
map operations,HashMap,100,,,50247433.0,ns,1785
map operations,HashMap,100,,,60841222.0,ns,1820
map operations,HashMap,100,,,54009979.0,ns,1855
map operations,HashMap,100,,,54027148.0,ns,1890
map operations,HashMap,100,,,54657803.0,ns,1925
map operations,HashMap,100,,,55493178.0,ns,1960
map operations,HashMap,100,,,58041285.0,ns,1995
map operations,HashMap,100,,,73606527.0,ns,2030
map operations,HashMap,100,,,75505193.0,ns,2065
map operations,HashMap,100,,,78088966.0,ns,2100
map operations,HashMap,100,,,65797102.0,ns,2135
map operations,HashMap,100,,,63659915.0,ns,2170
map operations,HashMap,100,,,62653682.0,ns,2205
map operations,HashMap,100,,,64502518.0,ns,2240
map operations,HashMap,100,,,64301209.0,ns,2275
map operations,HashMap,100,,,65830859.0,ns,2310
map operations,HashMap,100,,,66582420.0,ns,2345
map operations,HashMap,100,,,68868089.0,ns,2380
map operations,HashMap,100,,,69002896.0,ns,2415
map operations,HashMap,100,,,69477358.0,ns,2450
map operations,HashMap,100,,,70548712.0,ns,2485
map operations,HashMap,100,,,73505055.0,ns,2520
map operations,HashMap,100,,,72640797.0,ns,2555
map operations,HashMap,100,,,73345565.0,ns,2590
map operations,HashMap,100,,,75595505.0,ns,2625
map operations,HashMap,100,,,75725660.0,ns,2660
map operations,HashMap,100,,,78833087.0,ns,2695
map operations,HashMap,100,,,77861654.0,ns,2730
map operations,HashMap,100,,,77652381.0,ns,2765
map operations,HashMap,100,,,79027936.0,ns,2800
map operations,HashMap,100,,,88264443.0,ns,2835
map operations,HashMap,100,,,83020952.0,ns,2870
map operations,HashMap,100,,,82398890.0,ns,2905
map operations,HashMap,100,,,86917025.0,ns,2940
map operations,HashMap,100,,,84913905.0,ns,2975
map operations,HashMap,100,,,85685619.0,ns,3010
map operations,HashMap,100,,,88432367.0,ns,3045
map operations,HashMap,100,,,87982692.0,ns,3080
map operations,HashMap,100,,,91007313.0,ns,3115
map operations,HashMap,100,,,90462781.0,ns,3150
map operations,HashMap,100,,,92423468.0,ns,3185
map operations,HashMap,100,,,90669353.0,ns,3220
map operations,HashMap,100,,,93735899.0,ns,3255
map operations,HashMap,100,,,93127680.0,ns,3290
map operations,HashMap,100,,,95922634.0,ns,3325
map operations,HashMap,100,,,95212553.0,ns,3360
map operations,HashMap,100,,,97785586.0,ns,3395
map operations,HashMap,100,,,97984881.0,ns,3430
map operations,HashMap,100,,,100901339.0,ns,3465
map operations,HashMap,100,,,100212672.0,ns,3500
