{"mean":{"confidence_interval":{"confidence_level":0.95,"lower_bound":3730.4894027465557,"upper_bound":3787.544427079977},"point_estimate":3756.865583006501,"standard_error":14.579511457904406},"median":{"confidence_interval":{"confidence_level":0.95,"lower_bound":3694.7153263403266,"upper_bound":3736.315124132895},"point_estimate":3715.25695191713,"standard_error":9.929714980177781},"median_abs_dev":{"confidence_interval":{"confidence_level":0.95,"lower_bound":41.31952635427468,"upper_bound":74.67079887598827},"point_estimate":60.86605300689494,"standard_error":8.289449729938852},"slope":{"confidence_interval":{"confidence_level":0.95,"lower_bound":3721.9184341095197,"upper_bound":3776.5027495605896},"point_estimate":3746.823942573362,"standard_error":13.973116486206083},"std_dev":{"confidence_interval":{"confidence_level":0.95,"lower_bound":90.77259746817204,"upper_bound":193.3675778732425},"point_estimate":145.99041216282524,"standard_error":26.31156596258412}}