group,function,value,throughput_num,throughput_type,sample_measured_value,unit,iteration_count
get,BTreeMap,100,,,983176.0,ns,264
get,BTreeMap,100,,,1918871.0,ns,528
get,BTreeMap,100,,,3269879.0,ns,792
get,BTreeMap,100,,,3870112.0,ns,1056
get,BTreeMap,100,,,5506892.0,ns,1320
get,BTreeMap,100,,,6242973.0,ns,1584
get,BTreeMap,100,,,7196827.0,ns,1848
get,BTreeMap,100,,,8321937.0,ns,2112
get,BTreeMap,100,,,9119450.0,ns,2376
get,BTreeMap,100,,,11599574.0,ns,2640
get,BTreeMap,100,,,11235094.0,ns,2904
get,BTreeMap,100,,,11965911.0,ns,3168
get,BTreeMap,100,,,12709815.0,ns,3432
get,BTreeMap,100,,,13899464.0,ns,3696
get,BTreeMap,100,,,14639931.0,ns,3960
get,BTreeMap,100,,,15697691.0,ns,4224
get,BTreeMap,100,,,16457125.0,ns,4488
get,BTreeMap,100,,,17413430.0,ns,4752
get,BTreeMap,100,,,18235412.0,ns,5016
get,BTreeMap,100,,,19595480.0,ns,5280
get,BTreeMap,100,,,20360319.0,ns,5544
get,BTreeMap,100,,,21488230.0,ns,5808
get,BTreeMap,100,,,22808302.0,ns,6072
get,BTreeMap,100,,,23210536.0,ns,6336
get,BTreeMap,100,,,24376909.0,ns,6600
get,BTreeMap,100,,,25016245.0,ns,6864
get,BTreeMap,100,,,26701413.0,ns,7128
get,BTreeMap,100,,,28198623.0,ns,7392
get,BTreeMap,100,,,28669567.0,ns,7656
get,BTreeMap,100,,,29224027.0,ns,7920
get,BTreeMap,100,,,30801367.0,ns,8184
get,BTreeMap,100,,,31511386.0,ns,8448
get,BTreeMap,100,,,32002192.0,ns,8712
get,BTreeMap,100,,,33580623.0,ns,8976
get,BTreeMap,100,,,34002877.0,ns,9240
get,BTreeMap,100,,,34890079.0,ns,9504
get,BTreeMap,100,,,35451020.0,ns,9768
get,BTreeMap,100,,,36902834.0,ns,10032
get,BTreeMap,100,,,37816442.0,ns,10296
get,BTreeMap,100,,,38920407.0,ns,10560
get,BTreeMap,100,,,39772864.0,ns,10824
get,BTreeMap,100,,,42287854.0,ns,11088
get,BTreeMap,100,,,43202864.0,ns,11352
get,BTreeMap,100,,,43574561.0,ns,11616
get,BTreeMap,100,,,49454824.0,ns,11880
get,BTreeMap,100,,,44842731.0,ns,12144
get,BTreeMap,100,,,46758557.0,ns,12408
get,BTreeMap,100,,,46807066.0,ns,12672
get,BTreeMap,100,,,48067311.0,ns,12936
get,BTreeMap,100,,,49034507.0,ns,13200
get,BTreeMap,100,,,49384728.0,ns,13464
get,BTreeMap,100,,,50608248.0,ns,13728
get,BTreeMap,100,,,51532771.0,ns,13992
get,BTreeMap,100,,,52571031.0,ns,14256
get,BTreeMap,100,,,54451672.0,ns,14520
get,BTreeMap,100,,,55779590.0,ns,14784
get,BTreeMap,100,,,68122901.0,ns,15048
get,BTreeMap,100,,,56194879.0,ns,15312
get,BTreeMap,100,,,57515360.0,ns,15576
get,BTreeMap,100,,,57853130.0,ns,15840
get,BTreeMap,100,,,60799170.0,ns,16104
get,BTreeMap,100,,,61272893.0,ns,16368
get,BTreeMap,100,,,60724088.0,ns,16632
get,BTreeMap,100,,,62490935.0,ns,16896
get,BTreeMap,100,,,62765763.0,ns,17160
get,BTreeMap,100,,,63796112.0,ns,17424
get,BTreeMap,100,,,66159475.0,ns,17688
get,BTreeMap,100,,,66234690.0,ns,17952
get,BTreeMap,100,,,66989683.0,ns,18216
get,BTreeMap,100,,,68015750.0,ns,18480
get,BTreeMap,100,,,69731570.0,ns,18744
get,BTreeMap,100,,,70041134.0,ns,19008
get,BTreeMap,100,,,70891526.0,ns,19272
get,BTreeMap,100,,,72013882.0,ns,19536
get,BTreeMap,100,,,74399286.0,ns,19800
get,BTreeMap,100,,,75849632.0,ns,20064
get,BTreeMap,100,,,76358333.0,ns,20328
get,BTreeMap,100,,,81187007.0,ns,20592
get,BTreeMap,100,,,76762770.0,ns,20856
get,BTreeMap,100,,,79628943.0,ns,21120
get,BTreeMap,100,,,80579537.0,ns,21384
get,BTreeMap,100,,,78672460.0,ns,21648
get,BTreeMap,100,,,81870137.0,ns,21912
get,BTreeMap,100,,,83066043.0,ns,22176
get,BTreeMap,100,,,91535528.0,ns,22440
get,BTreeMap,100,,,83438321.0,ns,22704
get,BTreeMap,100,,,84973103.0,ns,22968
get,BTreeMap,100,,,88159640.0,ns,23232
get,BTreeMap,100,,,88490613.0,ns,23496
get,BTreeMap,100,,,89737727.0,ns,23760
get,BTreeMap,100,,,88761841.0,ns,24024
get,BTreeMap,100,,,89317489.0,ns,24288
get,BTreeMap,100,,,91193976.0,ns,24552
get,BTreeMap,100,,,92273181.0,ns,24816
get,BTreeMap,100,,,93585456.0,ns,25080
get,BTreeMap,100,,,95811532.0,ns,25344
get,BTreeMap,100,,,95018219.0,ns,25608
get,BTreeMap,100,,,96420635.0,ns,25872
get,BTreeMap,100,,,97145951.0,ns,26136
get,BTreeMap,100,,,103995174.0,ns,26400
