{"mean":{"confidence_interval":{"confidence_level":0.95,"lower_bound":56224486.106,"upper_bound":57114521.142749995},"point_estimate":56632163.12,"standard_error":227870.77845409786},"median":{"confidence_interval":{"confidence_level":0.95,"lower_bound":55823885.5,"upper_bound":56133100.0},"point_estimate":55997349.0,"standard_error":82745.07940464892},"median_abs_dev":{"confidence_interval":{"confidence_level":0.95,"lower_bound":507127.76879668236,"upper_bound":975255.0039857626},"point_estimate":682159.8151892424,"standard_error":126859.04776869515},"slope":null,"std_dev":{"confidence_interval":{"confidence_level":0.95,"lower_bound":1305845.7149034692,"upper_bound":3074463.540721442},"point_estimate":2282803.046426893,"standard_error":449170.41504667426}}