group,function,value,throughput_num,throughput_type,sample_measured_value,unit,iteration_count
map operations,BSTMap,4000,,,67880554.0,ns,1
map operations,BSTMap,4000,,,61262913.0,ns,1
map operations,BSTMap,4000,,,55139499.0,ns,1
map operations,BSTMap,4000,,,64556045.0,ns,1
map operations,BSTMap,4000,,,56303723.0,ns,1
map operations,BSTMap,4000,,,55954057.0,ns,1
map operations,BSTMap,4000,,,55041171.0,ns,1
map operations,BSTMap,4000,,,55936613.0,ns,1
map operations,BSTMap,4000,,,55277149.0,ns,1
map operations,BSTMap,4000,,,55788888.0,ns,1
map operations,BSTMap,4000,,,58644880.0,ns,1
map operations,BSTMap,4000,,,55747483.0,ns,1
map operations,BSTMap,4000,,,56066209.0,ns,1
map operations,BSTMap,4000,,,55414372.0,ns,1
map operations,BSTMap,4000,,,55996442.0,ns,1
map operations,BSTMap,4000,,,56427930.0,ns,1
map operations,BSTMap,4000,,,56149943.0,ns,1
map operations,BSTMap,4000,,,55347693.0,ns,1
map operations,BSTMap,4000,,,55998256.0,ns,1
map operations,BSTMap,4000,,,56257619.0,ns,1
map operations,BSTMap,4000,,,55268668.0,ns,1
map operations,BSTMap,4000,,,59214238.0,ns,1
map operations,BSTMap,4000,,,56483439.0,ns,1
map operations,BSTMap,4000,,,56720615.0,ns,1
map operations,BSTMap,4000,,,55058634.0,ns,1
map operations,BSTMap,4000,,,55310669.0,ns,1
map operations,BSTMap,4000,,,55251460.0,ns,1
map operations,BSTMap,4000,,,56052187.0,ns,1
map operations,BSTMap,4000,,,55672035.0,ns,1
map operations,BSTMap,4000,,,56097187.0,ns,1
map operations,BSTMap,4000,,,56301786.0,ns,1
map operations,BSTMap,4000,,,56102620.0,ns,1
map operations,BSTMap,4000,,,58977307.0,ns,1
map operations,BSTMap,4000,,,54894303.0,ns,1
map operations,BSTMap,4000,,,55872793.0,ns,1
map operations,BSTMap,4000,,,55411814.0,ns,1
map operations,BSTMap,4000,,,55734439.0,ns,1
map operations,BSTMap,4000,,,55952308.0,ns,1
map operations,BSTMap,4000,,,63787018.0,ns,1
map operations,BSTMap,4000,,,56046180.0,ns,1
map operations,BSTMap,4000,,,56672055.0,ns,1
map operations,BSTMap,4000,,,55894931.0,ns,1
map operations,BSTMap,4000,,,58981366.0,ns,1
map operations,BSTMap,4000,,,56934135.0,ns,1
map operations,BSTMap,4000,,,55740994.0,ns,1
map operations,BSTMap,4000,,,55601641.0,ns,1
map operations,BSTMap,4000,,,55437299.0,ns,1
map operations,BSTMap,4000,,,55792106.0,ns,1
map operations,BSTMap,4000,,,55945390.0,ns,1
map operations,BSTMap,4000,,,55836449.0,ns,1
map operations,BSTMap,4000,,,56364307.0,ns,1
map operations,BSTMap,4000,,,55423889.0,ns,1
map operations,BSTMap,4000,,,56116257.0,ns,1
map operations,BSTMap,4000,,,60015803.0,ns,1
map operations,BSTMap,4000,,,56112323.0,ns,1
map operations,BSTMap,4000,,,55605548.0,ns,1
map operations,BSTMap,4000,,,56337373.0,ns,1
map operations,BSTMap,4000,,,55811322.0,ns,1
map operations,BSTMap,4000,,,57330245.0,ns,1
map operations,BSTMap,4000,,,55641343.0,ns,1
map operations,BSTMap,4000,,,55609414.0,ns,1
map operations,BSTMap,4000,,,56902022.0,ns,1
map operations,BSTMap,4000,,,56251849.0,ns,1
map operations,BSTMap,4000,,,57929922.0,ns,1
map operations,BSTMap,4000,,,57490180.0,ns,1
map operations,BSTMap,4000,,,56683787.0,ns,1
map operations,BSTMap,4000,,,56364437.0,ns,1
map operations,BSTMap,4000,,,55784006.0,ns,1
map operations,BSTMap,4000,,,57092052.0,ns,1
map operations,BSTMap,4000,,,56087579.0,ns,1
map operations,BSTMap,4000,,,55553308.0,ns,1
map operations,BSTMap,4000,,,56662533.0,ns,1
map operations,BSTMap,4000,,,57230200.0,ns,1
map operations,BSTMap,4000,,,55653311.0,ns,1
map operations,BSTMap,4000,,,68348099.0,ns,1
map operations,BSTMap,4000,,,56473529.0,ns,1
map operations,BSTMap,4000,,,55826271.0,ns,1
map operations,BSTMap,4000,,,54917228.0,ns,1
map operations,BSTMap,4000,,,55714200.0,ns,1
map operations,BSTMap,4000,,,55052864.0,ns,1
map operations,BSTMap,4000,,,55132368.0,ns,1
map operations,BSTMap,4000,,,55087941.0,ns,1
map operations,BSTMap,4000,,,55146733.0,ns,1
map operations,BSTMap,4000,,,55794670.0,ns,1
map operations,BSTMap,4000,,,57765680.0,ns,1
map operations,BSTMap,4000,,,58675479.0,ns,1
map operations,BSTMap,4000,,,54824533.0,ns,1
map operations,BSTMap,4000,,,55807392.0,ns,1
map operations,BSTMap,4000,,,56409767.0,ns,1
map operations,BSTMap,4000,,,56219523.0,ns,1
map operations,BSTMap,4000,,,56124988.0,ns,1
map operations,BSTMap,4000,,,54940043.0,ns,1
map operations,BSTMap,4000,,,55190491.0,ns,1
map operations,BSTMap,4000,,,57956634.0,ns,1
map operations,BSTMap,4000,,,55942894.0,ns,1
map operations,BSTMap,4000,,,57446168.0,ns,1
map operations,BSTMap,4000,,,56588809.0,ns,1
map operations,BSTMap,4000,,,55417674.0,ns,1
map operations,BSTMap,4000,,,55782951.0,ns,1
map operations,BSTMap,4000,,,56338868.0,ns,1
