{"mean":{"confidence_interval":{"confidence_level":0.95,"lower_bound":24286.953698464156,"upper_bound":24613.133575731626},"point_estimate":24443.394644846674,"standard_error":83.49276883375111},"median":{"confidence_interval":{"confidence_level":0.95,"lower_bound":24085.658536585364,"upper_bound":24247.270555695246},"point_estimate":24146.903599236837,"standard_error":41.48321921604037},"median_abs_dev":{"confidence_interval":{"confidence_level":0.95,"lower_bound":260.4094698147048,"upper_bound":476.10784337890686},"point_estimate":361.6751045225008,"standard_error":52.06677204348749},"slope":{"confidence_interval":{"confidence_level":0.95,"lower_bound":24127.263386719635,"upper_bound":24411.1523938575},"point_estimate":24250.173583855656,"standard_error":73.18988694717297},"std_dev":{"confidence_interval":{"confidence_level":0.95,"lower_bound":649.5662330222773,"upper_bound":992.707287126988},"point_estimate":840.5223993345634,"standard_error":87.84048618496108}}