group,function,value,throughput_num,throughput_type,sample_measured_value,unit,iteration_count
map operations,BTreeMap,100,,,982199.0,ns,41
map operations,BTreeMap,100,,,1964669.0,ns,82
map operations,BTreeMap,100,,,2838537.0,ns,123
map operations,BTreeMap,100,,,4008017.0,ns,164
map operations,BTreeMap,100,,,5403153.0,ns,205
map operations,BTreeMap,100,,,6095391.0,ns,246
map operations,BTreeMap,100,,,7427736.0,ns,287
map operations,BTreeMap,100,,,8431841.0,ns,328
map operations,BTreeMap,100,,,9581804.0,ns,369
map operations,BTreeMap,100,,,11013579.0,ns,410
map operations,BTreeMap,100,,,12157325.0,ns,451
map operations,BTreeMap,100,,,13092075.0,ns,492
map operations,BTreeMap,100,,,12931249.0,ns,533
map operations,BTreeMap,100,,,14123158.0,ns,574
map operations,BTreeMap,100,,,14836131.0,ns,615
map operations,BTreeMap,100,,,16929141.0,ns,656
map operations,BTreeMap,100,,,18784732.0,ns,697
map operations,BTreeMap,100,,,19502365.0,ns,738
map operations,BTreeMap,100,,,19185056.0,ns,779
map operations,BTreeMap,100,,,19587277.0,ns,820
map operations,BTreeMap,100,,,20533520.0,ns,861
map operations,BTreeMap,100,,,21765082.0,ns,902
map operations,BTreeMap,100,,,22805636.0,ns,943
map operations,BTreeMap,100,,,23410410.0,ns,984
map operations,BTreeMap,100,,,24537781.0,ns,1025
map operations,BTreeMap,100,,,25162447.0,ns,1066
map operations,BTreeMap,100,,,26652567.0,ns,1107
map operations,BTreeMap,100,,,27849069.0,ns,1148
map operations,BTreeMap,100,,,28761475.0,ns,1189
map operations,BTreeMap,100,,,29665991.0,ns,1230
map operations,BTreeMap,100,,,30401433.0,ns,1271
map operations,BTreeMap,100,,,31143050.0,ns,1312
map operations,BTreeMap,100,,,34342234.0,ns,1353
map operations,BTreeMap,100,,,33047501.0,ns,1394
map operations,BTreeMap,100,,,34539653.0,ns,1435
map operations,BTreeMap,100,,,36643318.0,ns,1476
map operations,BTreeMap,100,,,36491411.0,ns,1517
map operations,BTreeMap,100,,,37769759.0,ns,1558
map operations,BTreeMap,100,,,40216265.0,ns,1599
map operations,BTreeMap,100,,,39152998.0,ns,1640
map operations,BTreeMap,100,,,40105920.0,ns,1681
map operations,BTreeMap,100,,,41508254.0,ns,1722
map operations,BTreeMap,100,,,42601140.0,ns,1763
map operations,BTreeMap,100,,,44344138.0,ns,1804
map operations,BTreeMap,100,,,44593843.0,ns,1845
map operations,BTreeMap,100,,,46313272.0,ns,1886
map operations,BTreeMap,100,,,46495127.0,ns,1927
map operations,BTreeMap,100,,,50552145.0,ns,1968
map operations,BTreeMap,100,,,47896577.0,ns,2009
map operations,BTreeMap,100,,,49866589.0,ns,2050
map operations,BTreeMap,100,,,50857457.0,ns,2091
map operations,BTreeMap,100,,,54243072.0,ns,2132
map operations,BTreeMap,100,,,52881373.0,ns,2173
map operations,BTreeMap,100,,,53508797.0,ns,2214
map operations,BTreeMap,100,,,55910734.0,ns,2255
map operations,BTreeMap,100,,,55994430.0,ns,2296
map operations,BTreeMap,100,,,56337379.0,ns,2337
map operations,BTreeMap,100,,,57176272.0,ns,2378
map operations,BTreeMap,100,,,57575368.0,ns,2419
map operations,BTreeMap,100,,,59126389.0,ns,2460
map operations,BTreeMap,100,,,59807529.0,ns,2501
map operations,BTreeMap,100,,,61648215.0,ns,2542
map operations,BTreeMap,100,,,69820859.0,ns,2583
map operations,BTreeMap,100,,,62649011.0,ns,2624
map operations,BTreeMap,100,,,63436332.0,ns,2665
map operations,BTreeMap,100,,,65631104.0,ns,2706
map operations,BTreeMap,100,,,65172982.0,ns,2747
map operations,BTreeMap,100,,,65976753.0,ns,2788
map operations,BTreeMap,100,,,69722264.0,ns,2829
map operations,BTreeMap,100,,,68450238.0,ns,2870
map operations,BTreeMap,100,,,70055971.0,ns,2911
map operations,BTreeMap,100,,,71179239.0,ns,2952
map operations,BTreeMap,100,,,73058722.0,ns,2993
map operations,BTreeMap,100,,,72629342.0,ns,3034
map operations,BTreeMap,100,,,73108244.0,ns,3075
map operations,BTreeMap,100,,,74472166.0,ns,3116
map operations,BTreeMap,100,,,75808183.0,ns,3157
map operations,BTreeMap,100,,,76766380.0,ns,3198
map operations,BTreeMap,100,,,77649718.0,ns,3239
map operations,BTreeMap,100,,,80445972.0,ns,3280
map operations,BTreeMap,100,,,80339850.0,ns,3321
map operations,BTreeMap,100,,,80308353.0,ns,3362
map operations,BTreeMap,100,,,83013738.0,ns,3403
map operations,BTreeMap,100,,,84239826.0,ns,3444
map operations,BTreeMap,100,,,84343242.0,ns,3485
map operations,BTreeMap,100,,,84821010.0,ns,3526
map operations,BTreeMap,100,,,85425547.0,ns,3567
map operations,BTreeMap,100,,,87407125.0,ns,3608
map operations,BTreeMap,100,,,96932568.0,ns,3649
map operations,BTreeMap,100,,,88876080.0,ns,3690
map operations,BTreeMap,100,,,90928144.0,ns,3731
map operations,BTreeMap,100,,,90903867.0,ns,3772
map operations,BTreeMap,100,,,90771877.0,ns,3813
map operations,BTreeMap,100,,,94037683.0,ns,3854
map operations,BTreeMap,100,,,94827450.0,ns,3895
map operations,BTreeMap,100,,,94515737.0,ns,3936
map operations,BTreeMap,100,,,96431395.0,ns,3977
map operations,BTreeMap,100,,,96898229.0,ns,4018
map operations,BTreeMap,100,,,97314294.0,ns,4059
map operations,BTreeMap,100,,,98491795.0,ns,4100
