{"mean":{"confidence_interval":{"confidence_level":0.95,"lower_bound":85133.86575387276,"upper_bound":87421.68848003831},"point_estimate":86126.11685008155,"standard_error":586.8012102648979},"median":{"confidence_interval":{"confidence_level":0.95,"lower_bound":84171.75746268657,"upper_bound":84871.03531073446},"point_estimate":84498.0524122807,"standard_error":145.6472724596696},"median_abs_dev":{"confidence_interval":{"confidence_level":0.95,"lower_bound":1086.1293964784186,"upper_bound":2242.5937330496445},"point_estimate":1526.2905558366874,"standard_error":292.2068451166842},"slope":{"confidence_interval":{"confidence_level":0.95,"lower_bound":84702.61112935294,"upper_bound":85919.9291879266},"point_estimate":85249.27745948476,"standard_error":312.565908526201},"std_dev":{"confidence_interval":{"confidence_level":0.95,"lower_bound":2823.5452205932784,"upper_bound":8907.817808756203},"point_estimate":5876.504122298146,"standard_error":1760.385857727577}}