group,function,value,throughput_num,throughput_type,sample_measured_value,unit,iteration_count
get,HashMap,2000,,,966887.0,ns,12
get,HashMap,2000,,,1924597.0,ns,24
get,HashMap,2000,,,2974155.0,ns,36
get,HashMap,2000,,,4243836.0,ns,48
get,HashMap,2000,,,6252768.0,ns,60
get,HashMap,2000,,,6701326.0,ns,72
get,HashMap,2000,,,7621147.0,ns,84
get,HashMap,2000,,,8802649.0,ns,96
get,HashMap,2000,,,9435981.0,ns,108
get,HashMap,2000,,,11961909.0,ns,120
get,HashMap,2000,,,11965345.0,ns,132
get,HashMap,2000,,,13394164.0,ns,144
get,HashMap,2000,,,13965119.0,ns,156
get,HashMap,2000,,,14045337.0,ns,168
get,HashMap,2000,,,23644887.0,ns,180
get,HashMap,2000,,,18261248.0,ns,192
get,HashMap,2000,,,17275074.0,ns,204
get,HashMap,2000,,,18184422.0,ns,216
get,HashMap,2000,,,18866739.0,ns,228
get,HashMap,2000,,,19711315.0,ns,240
get,HashMap,2000,,,20884722.0,ns,252
get,HashMap,2000,,,22142025.0,ns,264
get,HashMap,2000,,,23163967.0,ns,276
get,HashMap,2000,,,23697688.0,ns,288
get,HashMap,2000,,,24881681.0,ns,300
get,HashMap,2000,,,25760712.0,ns,312
get,HashMap,2000,,,26746254.0,ns,324
get,HashMap,2000,,,27940802.0,ns,336
get,HashMap,2000,,,30028425.0,ns,348
get,HashMap,2000,,,29964404.0,ns,360
get,HashMap,2000,,,31537096.0,ns,372
get,HashMap,2000,,,32118817.0,ns,384
get,HashMap,2000,,,33234724.0,ns,396
get,HashMap,2000,,,35108709.0,ns,408
get,HashMap,2000,,,37490039.0,ns,420
get,HashMap,2000,,,36821522.0,ns,432
get,HashMap,2000,,,37013328.0,ns,444
get,HashMap,2000,,,38743097.0,ns,456
get,HashMap,2000,,,39551895.0,ns,468
get,HashMap,2000,,,40007911.0,ns,480
get,HashMap,2000,,,41012496.0,ns,492
get,HashMap,2000,,,42257564.0,ns,504
get,HashMap,2000,,,46068924.0,ns,516
get,HashMap,2000,,,44924952.0,ns,528
get,HashMap,2000,,,45598487.0,ns,540
get,HashMap,2000,,,46153922.0,ns,552
get,HashMap,2000,,,48189176.0,ns,564
get,HashMap,2000,,,48901447.0,ns,576
get,HashMap,2000,,,51970917.0,ns,588
get,HashMap,2000,,,50466729.0,ns,600
get,HashMap,2000,,,51106582.0,ns,612
get,HashMap,2000,,,54963000.0,ns,624
get,HashMap,2000,,,53686346.0,ns,636
get,HashMap,2000,,,54027833.0,ns,648
get,HashMap,2000,,,55943911.0,ns,660
get,HashMap,2000,,,56483139.0,ns,672
get,HashMap,2000,,,58426602.0,ns,684
get,HashMap,2000,,,58711258.0,ns,696
get,HashMap,2000,,,60088693.0,ns,708
get,HashMap,2000,,,62051910.0,ns,720
get,HashMap,2000,,,61734385.0,ns,732
get,HashMap,2000,,,63437115.0,ns,744
get,HashMap,2000,,,64201020.0,ns,756
get,HashMap,2000,,,72450375.0,ns,768
get,HashMap,2000,,,66055429.0,ns,780
get,HashMap,2000,,,66970737.0,ns,792
get,HashMap,2000,,,67674093.0,ns,804
get,HashMap,2000,,,68580046.0,ns,816
get,HashMap,2000,,,72499677.0,ns,828
get,HashMap,2000,,,70006170.0,ns,840
get,HashMap,2000,,,71581053.0,ns,852
get,HashMap,2000,,,75007221.0,ns,864
get,HashMap,2000,,,74006193.0,ns,876
get,HashMap,2000,,,74437952.0,ns,888
get,HashMap,2000,,,75449535.0,ns,900
get,HashMap,2000,,,77056926.0,ns,912
get,HashMap,2000,,,80959244.0,ns,924
get,HashMap,2000,,,79065533.0,ns,936
get,HashMap,2000,,,79517458.0,ns,948
get,HashMap,2000,,,80669528.0,ns,960
get,HashMap,2000,,,80478894.0,ns,972
get,HashMap,2000,,,82823785.0,ns,984
get,HashMap,2000,,,86822104.0,ns,996
get,HashMap,2000,,,88293653.0,ns,1008
get,HashMap,2000,,,88539694.0,ns,1020
get,HashMap,2000,,,87268285.0,ns,1032
get,HashMap,2000,,,87253196.0,ns,1044
get,HashMap,2000,,,88279540.0,ns,1056
get,HashMap,2000,,,91136410.0,ns,1068
get,HashMap,2000,,,102088337.0,ns,1080
get,HashMap,2000,,,94310000.0,ns,1092
get,HashMap,2000,,,93218028.0,ns,1104
get,HashMap,2000,,,93107523.0,ns,1116
get,HashMap,2000,,,95434564.0,ns,1128
get,HashMap,2000,,,96334402.0,ns,1140
get,HashMap,2000,,,95502414.0,ns,1152
get,HashMap,2000,,,99862786.0,ns,1164
get,HashMap,2000,,,102494923.0,ns,1176
get,HashMap,2000,,,100829514.0,ns,1188
get,HashMap,2000,,,100697053.0,ns,1200
