{"mean":{"confidence_interval":{"confidence_level":0.95,"lower_bound":21090.097296619682,"upper_bound":21371.91224624118},"point_estimate":21220.431101418646,"standard_error":72.08640351369552},"median":{"confidence_interval":{"confidence_level":0.95,"lower_bound":20948.348247809765,"upper_bound":21158.764245536808},"point_estimate":21016.88867144978,"standard_error":47.30220575370081},"median_abs_dev":{"confidence_interval":{"confidence_level":0.95,"lower_bound":266.8147233785944,"upper_bound":495.85161349997367},"point_estimate":345.0635977118653,"standard_error":57.64424218940639},"slope":{"confidence_interval":{"confidence_level":0.95,"lower_bound":21102.20929960553,"upper_bound":21369.86916450183},"point_estimate":21225.326133834722,"standard_error":68.21268299943694},"std_dev":{"confidence_interval":{"confidence_level":0.95,"lower_bound":466.3428639911008,"upper_bound":994.0045081969636},"point_estimate":724.0528872400433,"standard_error":141.95864045689135}}