group,function,value,throughput_num,throughput_type,sample_measured_value,unit,iteration_count
get,HashMap,500,,,955272.0,ns,47
get,HashMap,500,,,2093817.0,ns,94
get,HashMap,500,,,2815087.0,ns,141
get,HashMap,500,,,3808754.0,ns,188
get,HashMap,500,,,5504975.0,ns,235
get,HashMap,500,,,6176214.0,ns,282
get,HashMap,500,,,7260787.0,ns,329
get,HashMap,500,,,8388144.0,ns,376
get,HashMap,500,,,9107255.0,ns,423
get,HashMap,500,,,10864609.0,ns,470
get,HashMap,500,,,11230670.0,ns,517
get,HashMap,500,,,12541309.0,ns,564
get,HashMap,500,,,12801269.0,ns,611
get,HashMap,500,,,14084882.0,ns,658
get,HashMap,500,,,14652973.0,ns,705
get,HashMap,500,,,15350141.0,ns,752
get,HashMap,500,,,16742862.0,ns,799
get,HashMap,500,,,17716869.0,ns,846
get,HashMap,500,,,18735730.0,ns,893
get,HashMap,500,,,19454001.0,ns,940
get,HashMap,500,,,20410110.0,ns,987
get,HashMap,500,,,21802837.0,ns,1034
get,HashMap,500,,,22493310.0,ns,1081
get,HashMap,500,,,22966100.0,ns,1128
get,HashMap,500,,,24700186.0,ns,1175
get,HashMap,500,,,26101334.0,ns,1222
get,HashMap,500,,,26425320.0,ns,1269
get,HashMap,500,,,27437781.0,ns,1316
get,HashMap,500,,,28605818.0,ns,1363
get,HashMap,500,,,29390107.0,ns,1410
get,HashMap,500,,,30611423.0,ns,1457
get,HashMap,500,,,30872060.0,ns,1504
get,HashMap,500,,,32722965.0,ns,1551
get,HashMap,500,,,33767399.0,ns,1598
get,HashMap,500,,,35272495.0,ns,1645
get,HashMap,500,,,35944212.0,ns,1692
get,HashMap,500,,,36197498.0,ns,1739
get,HashMap,500,,,39798691.0,ns,1786
get,HashMap,500,,,39021867.0,ns,1833
get,HashMap,500,,,38915895.0,ns,1880
get,HashMap,500,,,41127685.0,ns,1927
get,HashMap,500,,,41190878.0,ns,1974
get,HashMap,500,,,42481053.0,ns,2021
get,HashMap,500,,,43089444.0,ns,2068
get,HashMap,500,,,43642135.0,ns,2115
get,HashMap,500,,,45037277.0,ns,2162
get,HashMap,500,,,45849997.0,ns,2209
get,HashMap,500,,,46706967.0,ns,2256
get,HashMap,500,,,47944554.0,ns,2303
get,HashMap,500,,,50672105.0,ns,2350
get,HashMap,500,,,50429679.0,ns,2397
get,HashMap,500,,,51934617.0,ns,2444
get,HashMap,500,,,52294193.0,ns,2491
get,HashMap,500,,,53234452.0,ns,2538
get,HashMap,500,,,53909503.0,ns,2585
get,HashMap,500,,,67625417.0,ns,2632
get,HashMap,500,,,56022709.0,ns,2679
get,HashMap,500,,,59009961.0,ns,2726
get,HashMap,500,,,61073358.0,ns,2773
get,HashMap,500,,,59049092.0,ns,2820
get,HashMap,500,,,61566469.0,ns,2867
get,HashMap,500,,,60628380.0,ns,2914
get,HashMap,500,,,61365406.0,ns,2961
get,HashMap,500,,,62844374.0,ns,3008
get,HashMap,500,,,64932479.0,ns,3055
get,HashMap,500,,,65205893.0,ns,3102
get,HashMap,500,,,65862543.0,ns,3149
get,HashMap,500,,,66353217.0,ns,3196
get,HashMap,500,,,67572611.0,ns,3243
get,HashMap,500,,,70928529.0,ns,3290
get,HashMap,500,,,69503116.0,ns,3337
get,HashMap,500,,,70708443.0,ns,3384
get,HashMap,500,,,72093211.0,ns,3431
get,HashMap,500,,,76165757.0,ns,3478
get,HashMap,500,,,77467400.0,ns,3525
get,HashMap,500,,,75711063.0,ns,3572
get,HashMap,500,,,75298125.0,ns,3619
get,HashMap,500,,,79096994.0,ns,3666
get,HashMap,500,,,80291772.0,ns,3713
get,HashMap,500,,,78088183.0,ns,3760
get,HashMap,500,,,78948199.0,ns,3807
get,HashMap,500,,,80683063.0,ns,3854
get,HashMap,500,,,82792988.0,ns,3901
get,HashMap,500,,,90153955.0,ns,3948
get,HashMap,500,,,86054222.0,ns,3995
get,HashMap,500,,,85114106.0,ns,4042
get,HashMap,500,,,86518187.0,ns,4089
get,HashMap,500,,,86881411.0,ns,4136
get,HashMap,500,,,88309818.0,ns,4183
get,HashMap,500,,,89508434.0,ns,4230
get,HashMap,500,,,90798120.0,ns,4277
get,HashMap,500,,,93154471.0,ns,4324
get,HashMap,500,,,92733243.0,ns,4371
get,HashMap,500,,,94566709.0,ns,4418
get,HashMap,500,,,93047218.0,ns,4465
get,HashMap,500,,,93586399.0,ns,4512
get,HashMap,500,,,98456874.0,ns,4559
get,HashMap,500,,,97546937.0,ns,4606
get,HashMap,500,,,99437538.0,ns,4653
get,HashMap,500,,,98765607.0,ns,4700
