{"mean":{"confidence_interval":{"confidence_level":0.95,"lower_bound":1780.1835063030326,"upper_bound":1805.787612306943},"point_estimate":1792.3078155912629,"standard_error":6.535381084785116},"median":{"confidence_interval":{"confidence_level":0.95,"lower_bound":1764.858156171692,"upper_bound":1779.3388611144983},"point_estimate":1770.6587599151449,"standard_error":3.124080393106515},"median_abs_dev":{"confidence_interval":{"confidence_level":0.95,"lower_bound":22.62001306155711,"upper_bound":42.36442881654034},"point_estimate":31.31723935648517,"standard_error":5.312492659238847},"slope":{"confidence_interval":{"confidence_level":0.95,"lower_bound":1776.1412424401576,"upper_bound":1804.2564796155211},"point_estimate":1789.0911287692174,"standard_error":7.219654283573357},"std_dev":{"confidence_interval":{"confidence_level":0.95,"lower_bound":46.47708826125756,"upper_bound":83.83999414386534},"point_estimate":65.71477705153028,"standard_error":9.620742551232535}}