group,function,value,throughput_num,throughput_type,sample_measured_value,unit,iteration_count
insert,BSTMap,50,,,1004016.0,ns,556
insert,BSTMap,50,,,1873138.0,ns,1112
insert,BSTMap,50,,,2847146.0,ns,1668
insert,BSTMap,50,,,4083152.0,ns,2224
insert,BSTMap,50,,,5534070.0,ns,2780
insert,BSTMap,50,,,6043265.0,ns,3336
insert,BSTMap,50,,,7421046.0,ns,3892
insert,BSTMap,50,,,8678214.0,ns,4448
insert,BSTMap,50,,,9408904.0,ns,5004
insert,BSTMap,50,,,10846001.0,ns,5560
insert,BSTMap,50,,,11157238.0,ns,6116
insert,BSTMap,50,,,12544868.0,ns,6672
insert,BSTMap,50,,,13426853.0,ns,7228
insert,BSTMap,50,,,13649478.0,ns,7784
insert,BSTMap,50,,,14324466.0,ns,8340
insert,BSTMap,50,,,15746615.0,ns,8896
insert,BSTMap,50,,,16661342.0,ns,9452
insert,BSTMap,50,,,17676347.0,ns,10008
insert,BSTMap,50,,,18694081.0,ns,10564
insert,BSTMap,50,,,19379337.0,ns,11120
insert,BSTMap,50,,,20423401.0,ns,11676
insert,BSTMap,50,,,21330566.0,ns,12232
insert,BSTMap,50,,,23620799.0,ns,12788
insert,BSTMap,50,,,23816400.0,ns,13344
insert,BSTMap,50,,,25308983.0,ns,13900
insert,BSTMap,50,,,25843518.0,ns,14456
insert,BSTMap,50,,,26593100.0,ns,15012
insert,BSTMap,50,,,26885557.0,ns,15568
insert,BSTMap,50,,,28209903.0,ns,16124
insert,BSTMap,50,,,29534817.0,ns,16680
insert,BSTMap,50,,,30221344.0,ns,17236
insert,BSTMap,50,,,30861047.0,ns,17792
insert,BSTMap,50,,,32083178.0,ns,18348
insert,BSTMap,50,,,33344766.0,ns,18904
insert,BSTMap,50,,,36908724.0,ns,19460
insert,BSTMap,50,,,36061645.0,ns,20016
insert,BSTMap,50,,,36168184.0,ns,20572
insert,BSTMap,50,,,38383489.0,ns,21128
insert,BSTMap,50,,,38394667.0,ns,21684
insert,BSTMap,50,,,39387204.0,ns,22240
insert,BSTMap,50,,,39996655.0,ns,22796
insert,BSTMap,50,,,41208801.0,ns,23352
insert,BSTMap,50,,,41827316.0,ns,23908
insert,BSTMap,50,,,51937876.0,ns,24464
insert,BSTMap,50,,,44062380.0,ns,25020
insert,BSTMap,50,,,46072659.0,ns,25576
insert,BSTMap,50,,,46238800.0,ns,26132
insert,BSTMap,50,,,49300193.0,ns,26688
insert,BSTMap,50,,,50261225.0,ns,27244
insert,BSTMap,50,,,50774105.0,ns,27800
insert,BSTMap,50,,,49998387.0,ns,28356
insert,BSTMap,50,,,51489201.0,ns,28912
insert,BSTMap,50,,,51540743.0,ns,29468
insert,BSTMap,50,,,53084700.0,ns,30024
insert,BSTMap,50,,,53320008.0,ns,30580
insert,BSTMap,50,,,54518345.0,ns,31136
insert,BSTMap,50,,,56444850.0,ns,31692
insert,BSTMap,50,,,56520851.0,ns,32248
insert,BSTMap,50,,,58369432.0,ns,32804
insert,BSTMap,50,,,59255591.0,ns,33360
insert,BSTMap,50,,,60957927.0,ns,33916
insert,BSTMap,50,,,61030897.0,ns,34472
insert,BSTMap,50,,,61008014.0,ns,35028
insert,BSTMap,50,,,63112990.0,ns,35584
insert,BSTMap,50,,,62895601.0,ns,36140
insert,BSTMap,50,,,65519268.0,ns,36696
insert,BSTMap,50,,,64376849.0,ns,37252
insert,BSTMap,50,,,66243946.0,ns,37808
insert,BSTMap,50,,,67174011.0,ns,38364
insert,BSTMap,50,,,70007582.0,ns,38920
insert,BSTMap,50,,,68728388.0,ns,39476
insert,BSTMap,50,,,70469780.0,ns,40032
insert,BSTMap,50,,,71625146.0,ns,40588
insert,BSTMap,50,,,71949094.0,ns,41144
insert,BSTMap,50,,,73219381.0,ns,41700
insert,BSTMap,50,,,74651321.0,ns,42256
insert,BSTMap,50,,,85160542.0,ns,42812
insert,BSTMap,50,,,79335352.0,ns,43368
insert,BSTMap,50,,,76951771.0,ns,43924
insert,BSTMap,50,,,81323947.0,ns,44480
insert,BSTMap,50,,,80418762.0,ns,45036
insert,BSTMap,50,,,81046968.0,ns,45592
insert,BSTMap,50,,,81395718.0,ns,46148
insert,BSTMap,50,,,81391784.0,ns,46704
insert,BSTMap,50,,,84111418.0,ns,47260
insert,BSTMap,50,,,86251256.0,ns,47816
insert,BSTMap,50,,,85360607.0,ns,48372
insert,BSTMap,50,,,86737188.0,ns,48928
insert,BSTMap,50,,,87332241.0,ns,49484
insert,BSTMap,50,,,88966162.0,ns,50040
insert,BSTMap,50,,,88988803.0,ns,50596
insert,BSTMap,50,,,91921609.0,ns,51152
insert,BSTMap,50,,,95167765.0,ns,51708
insert,BSTMap,50,,,96423689.0,ns,52264
insert,BSTMap,50,,,94310506.0,ns,52820
insert,BSTMap,50,,,94397683.0,ns,53376
insert,BSTMap,50,,,95515950.0,ns,53932
insert,BSTMap,50,,,96117128.0,ns,54488
insert,BSTMap,50,,,100527460.0,ns,55044
insert,BSTMap,50,,,107986778.0,ns,55600
