{"mean":{"confidence_interval":{"confidence_level":0.95,"lower_bound":42200.46271029309,"upper_bound":43120.24816822717},"point_estimate":42586.729327490284,"standard_error":239.12802153655412},"median":{"confidence_interval":{"confidence_level":0.95,"lower_bound":41958.1827857906,"upper_bound":42218.34459459459},"point_estimate":42091.53691904048,"standard_error":51.5866652290336},"median_abs_dev":{"confidence_interval":{"confidence_level":0.95,"lower_bound":418.98269919901776,"upper_bound":768.774402867127},"point_estimate":540.4221434931144,"standard_error":89.13754581096391},"slope":{"confidence_interval":{"confidence_level":0.95,"lower_bound":42018.302411002405,"upper_bound":42639.794221905875},"point_estimate":42282.75456812472,"standard_error":161.17800859856726},"std_dev":{"confidence_interval":{"confidence_level":0.95,"lower_bound":840.3940600090505,"upper_bound":3801.156188115234},"point_estimate":2408.8199606384087,"standard_error":849.8349922168188}}