group,function,value,throughput_num,throughput_type,sample_measured_value,unit,iteration_count
get,HashMap,1000,,,1027661.0,ns,24
get,HashMap,1000,,,1924368.0,ns,48
get,HashMap,1000,,,3034266.0,ns,72
get,HashMap,1000,,,3899064.0,ns,96
get,HashMap,1000,,,5592126.0,ns,120
get,HashMap,1000,,,6283159.0,ns,144
get,HashMap,1000,,,7526478.0,ns,168
get,HashMap,1000,,,8389939.0,ns,192
get,HashMap,1000,,,9480027.0,ns,216
get,HashMap,1000,,,10816386.0,ns,240
get,HashMap,1000,,,11475627.0,ns,264
get,HashMap,1000,,,12749598.0,ns,288
get,HashMap,1000,,,13031026.0,ns,312
get,HashMap,1000,,,13774175.0,ns,336
get,HashMap,1000,,,15250595.0,ns,360
get,HashMap,1000,,,15905393.0,ns,384
get,HashMap,1000,,,25445709.0,ns,408
get,HashMap,1000,,,18671189.0,ns,432
get,HashMap,1000,,,19493700.0,ns,456
get,HashMap,1000,,,20390806.0,ns,480
get,HashMap,1000,,,21211116.0,ns,504
get,HashMap,1000,,,21896131.0,ns,528
get,HashMap,1000,,,23258239.0,ns,552
get,HashMap,1000,,,24235043.0,ns,576
get,HashMap,1000,,,25187041.0,ns,600
get,HashMap,1000,,,26095495.0,ns,624
get,HashMap,1000,,,27121918.0,ns,648
get,HashMap,1000,,,28045019.0,ns,672
get,HashMap,1000,,,29037395.0,ns,696
get,HashMap,1000,,,29916664.0,ns,720
get,HashMap,1000,,,30993561.0,ns,744
get,HashMap,1000,,,32875101.0,ns,768
get,HashMap,1000,,,34003742.0,ns,792
get,HashMap,1000,,,34317844.0,ns,816
get,HashMap,1000,,,35348702.0,ns,840
get,HashMap,1000,,,35744170.0,ns,864
get,HashMap,1000,,,37489890.0,ns,888
get,HashMap,1000,,,38209127.0,ns,912
get,HashMap,1000,,,39691045.0,ns,936
get,HashMap,1000,,,40544804.0,ns,960
get,HashMap,1000,,,42500728.0,ns,984
get,HashMap,1000,,,42713223.0,ns,1008
get,HashMap,1000,,,43208143.0,ns,1032
get,HashMap,1000,,,44489348.0,ns,1056
get,HashMap,1000,,,45143659.0,ns,1080
get,HashMap,1000,,,46234028.0,ns,1104
get,HashMap,1000,,,49746399.0,ns,1128
get,HashMap,1000,,,49677330.0,ns,1152
get,HashMap,1000,,,49810679.0,ns,1176
get,HashMap,1000,,,51023806.0,ns,1200
get,HashMap,1000,,,51775154.0,ns,1224
get,HashMap,1000,,,51845212.0,ns,1248
get,HashMap,1000,,,53636610.0,ns,1272
get,HashMap,1000,,,53805957.0,ns,1296
get,HashMap,1000,,,55159042.0,ns,1320
get,HashMap,1000,,,56912381.0,ns,1344
get,HashMap,1000,,,57220835.0,ns,1368
get,HashMap,1000,,,59369926.0,ns,1392
get,HashMap,1000,,,60810787.0,ns,1416
get,HashMap,1000,,,60617751.0,ns,1440
get,HashMap,1000,,,60984708.0,ns,1464
get,HashMap,1000,,,61392075.0,ns,1488
get,HashMap,1000,,,62884681.0,ns,1512
get,HashMap,1000,,,64127848.0,ns,1536
get,HashMap,1000,,,80751129.0,ns,1560
get,HashMap,1000,,,67295339.0,ns,1584
get,HashMap,1000,,,67923295.0,ns,1608
get,HashMap,1000,,,70026863.0,ns,1632
get,HashMap,1000,,,69702505.0,ns,1656
get,HashMap,1000,,,69885332.0,ns,1680
get,HashMap,1000,,,72073871.0,ns,1704
get,HashMap,1000,,,72277121.0,ns,1728
get,HashMap,1000,,,72193016.0,ns,1752
get,HashMap,1000,,,74760536.0,ns,1776
get,HashMap,1000,,,75204452.0,ns,1800
get,HashMap,1000,,,78859090.0,ns,1824
get,HashMap,1000,,,76926113.0,ns,1848
get,HashMap,1000,,,78493346.0,ns,1872
get,HashMap,1000,,,81256766.0,ns,1896
get,HashMap,1000,,,80613426.0,ns,1920
get,HashMap,1000,,,81468846.0,ns,1944
get,HashMap,1000,,,82676492.0,ns,1968
get,HashMap,1000,,,83772354.0,ns,1992
get,HashMap,1000,,,85437119.0,ns,2016
get,HashMap,1000,,,85964746.0,ns,2040
get,HashMap,1000,,,87279762.0,ns,2064
get,HashMap,1000,,,87888491.0,ns,2088
get,HashMap,1000,,,88066289.0,ns,2112
get,HashMap,1000,,,89919083.0,ns,2136
get,HashMap,1000,,,93122555.0,ns,2160
get,HashMap,1000,,,99532634.0,ns,2184
get,HashMap,1000,,,91786864.0,ns,2208
get,HashMap,1000,,,93176250.0,ns,2232
get,HashMap,1000,,,93412688.0,ns,2256
get,HashMap,1000,,,96682563.0,ns,2280
get,HashMap,1000,,,96893774.0,ns,2304
get,HashMap,1000,,,97555472.0,ns,2328
get,HashMap,1000,,,98513815.0,ns,2352
get,HashMap,1000,,,98596198.0,ns,2376
get,HashMap,1000,,,99866550.0,ns,2400
