group,function,value,throughput_num,throughput_type,sample_measured_value,unit,iteration_count
get,BSTMap,2000,,,996844.0,ns,1
get,BSTMap,2000,,,2033334.0,ns,2
get,BSTMap,2000,,,3325415.0,ns,3
get,BSTMap,2000,,,5016390.0,ns,4
get,BSTMap,2000,,,5751560.0,ns,5
get,BSTMap,2000,,,7266551.0,ns,6
get,BSTMap,2000,,,8461364.0,ns,7
get,BSTMap,2000,,,9387090.0,ns,8
get,BSTMap,2000,,,10564479.0,ns,9
get,BSTMap,2000,,,11159956.0,ns,10
get,BSTMap,2000,,,12724585.0,ns,11
get,BSTMap,2000,,,13178111.0,ns,12
get,BSTMap,2000,,,14006000.0,ns,13
get,BSTMap,2000,,,14597280.0,ns,14
get,BSTMap,2000,,,15758725.0,ns,15
get,BSTMap,2000,,,16600662.0,ns,16
get,BSTMap,2000,,,18159367.0,ns,17
get,BSTMap,2000,,,19432902.0,ns,18
get,BSTMap,2000,,,19588592.0,ns,19
get,BSTMap,2000,,,21274620.0,ns,20
get,BSTMap,2000,,,21828030.0,ns,21
get,BSTMap,2000,,,22929089.0,ns,22
get,BSTMap,2000,,,24082772.0,ns,23
get,BSTMap,2000,,,24640548.0,ns,24
get,BSTMap,2000,,,26067800.0,ns,25
get,BSTMap,2000,,,27196664.0,ns,26
get,BSTMap,2000,,,28056307.0,ns,27
get,BSTMap,2000,,,29158738.0,ns,28
get,BSTMap,2000,,,32069853.0,ns,29
get,BSTMap,2000,,,31682936.0,ns,30
get,BSTMap,2000,,,34782522.0,ns,31
get,BSTMap,2000,,,33545688.0,ns,32
get,BSTMap,2000,,,34497326.0,ns,33
get,BSTMap,2000,,,35208364.0,ns,34
get,BSTMap,2000,,,40703433.0,ns,35
get,BSTMap,2000,,,37259407.0,ns,36
get,BSTMap,2000,,,38166608.0,ns,37
get,BSTMap,2000,,,39396005.0,ns,38
get,BSTMap,2000,,,40644164.0,ns,39
get,BSTMap,2000,,,41361992.0,ns,40
get,BSTMap,2000,,,42489561.0,ns,41
get,BSTMap,2000,,,44223898.0,ns,42
get,BSTMap,2000,,,44695849.0,ns,43
get,BSTMap,2000,,,45852048.0,ns,44
get,BSTMap,2000,,,47787040.0,ns,45
get,BSTMap,2000,,,49782895.0,ns,46
get,BSTMap,2000,,,50029061.0,ns,47
get,BSTMap,2000,,,50002945.0,ns,48
get,BSTMap,2000,,,50717688.0,ns,49
get,BSTMap,2000,,,52497158.0,ns,50
get,BSTMap,2000,,,52756815.0,ns,51
get,BSTMap,2000,,,55315215.0,ns,52
get,BSTMap,2000,,,54863482.0,ns,53
get,BSTMap,2000,,,57480976.0,ns,54
get,BSTMap,2000,,,57205556.0,ns,55
get,BSTMap,2000,,,59895938.0,ns,56
get,BSTMap,2000,,,69013074.0,ns,57
get,BSTMap,2000,,,60334951.0,ns,58
get,BSTMap,2000,,,62239729.0,ns,59
get,BSTMap,2000,,,64507288.0,ns,60
get,BSTMap,2000,,,63239205.0,ns,61
get,BSTMap,2000,,,65121758.0,ns,62
get,BSTMap,2000,,,65639703.0,ns,63
get,BSTMap,2000,,,67754636.0,ns,64
get,BSTMap,2000,,,67263998.0,ns,65
get,BSTMap,2000,,,71709463.0,ns,66
get,BSTMap,2000,,,69312712.0,ns,67
get,BSTMap,2000,,,79384382.0,ns,68
get,BSTMap,2000,,,73701378.0,ns,69
get,BSTMap,2000,,,77375535.0,ns,70
get,BSTMap,2000,,,73977147.0,ns,71
get,BSTMap,2000,,,75504591.0,ns,72
get,BSTMap,2000,,,76515024.0,ns,73
get,BSTMap,2000,,,80235706.0,ns,74
get,BSTMap,2000,,,78683613.0,ns,75
get,BSTMap,2000,,,81096006.0,ns,76
get,BSTMap,2000,,,81619602.0,ns,77
get,BSTMap,2000,,,81242311.0,ns,78
get,BSTMap,2000,,,82111344.0,ns,79
get,BSTMap,2000,,,83614592.0,ns,80
get,BSTMap,2000,,,88185038.0,ns,81
get,BSTMap,2000,,,86130348.0,ns,82
get,BSTMap,2000,,,85649595.0,ns,83
get,BSTMap,2000,,,99621549.0,ns,84
get,BSTMap,2000,,,87838416.0,ns,85
get,BSTMap,2000,,,89509980.0,ns,86
get,BSTMap,2000,,,90783992.0,ns,87
get,BSTMap,2000,,,94750187.0,ns,88
get,BSTMap,2000,,,92591668.0,ns,89
get,BSTMap,2000,,,92936547.0,ns,90
get,BSTMap,2000,,,96281311.0,ns,91
get,BSTMap,2000,,,97487257.0,ns,92
get,BSTMap,2000,,,100307350.0,ns,93
get,BSTMap,2000,,,100684275.0,ns,94
get,BSTMap,2000,,,99557979.0,ns,95
get,BSTMap,2000,,,101235016.0,ns,96
get,BSTMap,2000,,,101789616.0,ns,97
get,BSTMap,2000,,,103924708.0,ns,98
get,BSTMap,2000,,,103081651.0,ns,99
get,BSTMap,2000,,,107026215.0,ns,100
