group,function,value,throughput_num,throughput_type,sample_measured_value,unit,iteration_count
get,BSTMap,50,,,973532.0,ns,653
get,BSTMap,50,,,2089525.0,ns,1306
get,BSTMap,50,,,2773265.0,ns,1959
get,BSTMap,50,,,3745323.0,ns,2612
get,BSTMap,50,,,5502232.0,ns,3265
get,BSTMap,50,,,6148908.0,ns,3918
get,BSTMap,50,,,7051915.0,ns,4571
get,BSTMap,50,,,8642580.0,ns,5224
get,BSTMap,50,,,8952935.0,ns,5877
get,BSTMap,50,,,11038947.0,ns,6530
get,BSTMap,50,,,10893678.0,ns,7183
get,BSTMap,50,,,11827525.0,ns,7836
get,BSTMap,50,,,12840814.0,ns,8489
get,BSTMap,50,,,13772995.0,ns,9142
get,BSTMap,50,,,14559554.0,ns,9795
get,BSTMap,50,,,15565441.0,ns,10448
get,BSTMap,50,,,16393717.0,ns,11101
get,BSTMap,50,,,17424100.0,ns,11754
get,BSTMap,50,,,18219736.0,ns,12407
get,BSTMap,50,,,19538190.0,ns,13060
get,BSTMap,50,,,21013819.0,ns,13713
get,BSTMap,50,,,21465147.0,ns,14366
get,BSTMap,50,,,22125027.0,ns,15019
get,BSTMap,50,,,23334089.0,ns,15672
get,BSTMap,50,,,23961409.0,ns,16325
get,BSTMap,50,,,26514216.0,ns,16978
get,BSTMap,50,,,26409650.0,ns,17631
get,BSTMap,50,,,26896052.0,ns,18284
get,BSTMap,50,,,27883873.0,ns,18937
get,BSTMap,50,,,28972483.0,ns,19590
get,BSTMap,50,,,30291400.0,ns,20243
get,BSTMap,50,,,30730523.0,ns,20896
get,BSTMap,50,,,32312869.0,ns,21549
get,BSTMap,50,,,32569168.0,ns,22202
get,BSTMap,50,,,34276256.0,ns,22855
get,BSTMap,50,,,35238732.0,ns,23508
get,BSTMap,50,,,36439584.0,ns,24161
get,BSTMap,50,,,36607674.0,ns,24814
get,BSTMap,50,,,38481663.0,ns,25467
get,BSTMap,50,,,38695724.0,ns,26120
get,BSTMap,50,,,40343074.0,ns,26773
get,BSTMap,50,,,40934334.0,ns,27426
get,BSTMap,50,,,41338499.0,ns,28079
get,BSTMap,50,,,43492947.0,ns,28732
get,BSTMap,50,,,43279877.0,ns,29385
get,BSTMap,50,,,45839421.0,ns,30038
get,BSTMap,50,,,45526761.0,ns,30691
get,BSTMap,50,,,46320740.0,ns,31344
get,BSTMap,50,,,47561619.0,ns,31997
get,BSTMap,50,,,49423045.0,ns,32650
get,BSTMap,50,,,49366564.0,ns,33303
get,BSTMap,50,,,52237905.0,ns,33956
get,BSTMap,50,,,51795390.0,ns,34609
get,BSTMap,50,,,57616117.0,ns,35262
get,BSTMap,50,,,53318299.0,ns,35915
get,BSTMap,50,,,53972039.0,ns,36568
get,BSTMap,50,,,55522501.0,ns,37221
get,BSTMap,50,,,56033904.0,ns,37874
get,BSTMap,50,,,57171009.0,ns,38527
get,BSTMap,50,,,57821520.0,ns,39180
get,BSTMap,50,,,60330459.0,ns,39833
get,BSTMap,50,,,59600950.0,ns,40486
get,BSTMap,50,,,75295788.0,ns,41139
get,BSTMap,50,,,61986251.0,ns,41792
get,BSTMap,50,,,63448753.0,ns,42445
get,BSTMap,50,,,63825650.0,ns,43098
get,BSTMap,50,,,64885524.0,ns,43751
get,BSTMap,50,,,65542504.0,ns,44404
get,BSTMap,50,,,68526827.0,ns,45057
get,BSTMap,50,,,68309154.0,ns,45710
get,BSTMap,50,,,68999957.0,ns,46363
get,BSTMap,50,,,70018183.0,ns,47016
get,BSTMap,50,,,70046100.0,ns,47669
get,BSTMap,50,,,71441560.0,ns,48322
get,BSTMap,50,,,72593427.0,ns,48975
get,BSTMap,50,,,75511360.0,ns,49628
get,BSTMap,50,,,74926291.0,ns,50281
get,BSTMap,50,,,75301166.0,ns,50934
get,BSTMap,50,,,78233182.0,ns,51587
get,BSTMap,50,,,77029625.0,ns,52240
get,BSTMap,50,,,78369742.0,ns,52893
get,BSTMap,50,,,79226326.0,ns,53546
get,BSTMap,50,,,86474983.0,ns,54199
get,BSTMap,50,,,82242237.0,ns,54852
get,BSTMap,50,,,81810966.0,ns,55505
get,BSTMap,50,,,85037296.0,ns,56158
get,BSTMap,50,,,84232945.0,ns,56811
get,BSTMap,50,,,84404605.0,ns,57464
get,BSTMap,50,,,85579174.0,ns,58117
get,BSTMap,50,,,96171977.0,ns,58770
get,BSTMap,50,,,88113288.0,ns,59423
get,BSTMap,50,,,88387621.0,ns,60076
get,BSTMap,50,,,91648244.0,ns,60729
get,BSTMap,50,,,93418063.0,ns,61382
get,BSTMap,50,,,91145290.0,ns,62035
get,BSTMap,50,,,92206965.0,ns,62688
get,BSTMap,50,,,93046810.0,ns,63341
get,BSTMap,50,,,94682393.0,ns,63994
get,BSTMap,50,,,98387211.0,ns,64647
get,BSTMap,50,,,97888691.0,ns,65300
