{"mean":{"confidence_interval":{"confidence_level":0.95,"lower_bound":4428.183518074666,"upper_bound":4511.003453468069},"point_estimate":4464.8284227408185,"standard_error":21.23689750845709},"median":{"confidence_interval":{"confidence_level":0.95,"lower_bound":4386.368125853125,"upper_bound":4434.166061583972},"point_estimate":4411.272582619566,"standard_error":12.383095841823573},"median_abs_dev":{"confidence_interval":{"confidence_level":0.95,"lower_bound":62.5195837834852,"upper_bound":118.89865712222482},"point_estimate":90.37928483885747,"standard_error":13.749902511321347},"slope":{"confidence_interval":{"confidence_level":0.95,"lower_bound":4413.789587163349,"upper_bound":4483.24134374062},"point_estimate":4445.34491715892,"standard_error":17.837693142802372},"std_dev":{"confidence_interval":{"confidence_level":0.95,"lower_bound":117.58020938772034,"upper_bound":314.48904784046766},"point_estimate":213.56552384089028,"standard_error":57.67547790434435}}