group,function,value,throughput_num,throughput_type,sample_measured_value,unit,iteration_count
insert,BSTMap,100,,,964486.0,ns,222
insert,BSTMap,100,,,1892236.0,ns,444
insert,BSTMap,100,,,2780876.0,ns,666
insert,BSTMap,100,,,3830378.0,ns,888
insert,BSTMap,100,,,5487163.0,ns,1110
insert,BSTMap,100,,,5963732.0,ns,1332
insert,BSTMap,100,,,7100561.0,ns,1554
insert,BSTMap,100,,,8364433.0,ns,1776
insert,BSTMap,100,,,8954244.0,ns,1998
insert,BSTMap,100,,,10587620.0,ns,2220
insert,BSTMap,100,,,11282411.0,ns,2442
insert,BSTMap,100,,,12053628.0,ns,2664
insert,BSTMap,100,,,12840062.0,ns,2886
insert,BSTMap,100,,,13714932.0,ns,3108
insert,BSTMap,100,,,14455203.0,ns,3330
insert,BSTMap,100,,,15616464.0,ns,3552
insert,BSTMap,100,,,17398272.0,ns,3774
insert,BSTMap,100,,,17398484.0,ns,3996
insert,BSTMap,100,,,18277554.0,ns,4218
insert,BSTMap,100,,,20601508.0,ns,4440
insert,BSTMap,100,,,21748074.0,ns,4662
insert,BSTMap,100,,,29506272.0,ns,4884
insert,BSTMap,100,,,23243310.0,ns,5106
insert,BSTMap,100,,,23324039.0,ns,5328
insert,BSTMap,100,,,26809332.0,ns,5550
insert,BSTMap,100,,,26646006.0,ns,5772
insert,BSTMap,100,,,26121175.0,ns,5994
insert,BSTMap,100,,,27416539.0,ns,6216
insert,BSTMap,100,,,27654028.0,ns,6438
insert,BSTMap,100,,,29017852.0,ns,6660
insert,BSTMap,100,,,31186239.0,ns,6882
insert,BSTMap,100,,,31506747.0,ns,7104
insert,BSTMap,100,,,31660940.0,ns,7326
insert,BSTMap,100,,,32697090.0,ns,7548
insert,BSTMap,100,,,34083141.0,ns,7770
insert,BSTMap,100,,,34933707.0,ns,7992
insert,BSTMap,100,,,35291173.0,ns,8214
insert,BSTMap,100,,,36910166.0,ns,8436
insert,BSTMap,100,,,38084150.0,ns,8658
insert,BSTMap,100,,,39293244.0,ns,8880
insert,BSTMap,100,,,40721765.0,ns,9102
insert,BSTMap,100,,,41285152.0,ns,9324
insert,BSTMap,100,,,41232002.0,ns,9546
insert,BSTMap,100,,,43282751.0,ns,9768
insert,BSTMap,100,,,43660774.0,ns,9990
insert,BSTMap,100,,,45088203.0,ns,10212
insert,BSTMap,100,,,45357041.0,ns,10434
insert,BSTMap,100,,,46216418.0,ns,10656
insert,BSTMap,100,,,48004198.0,ns,10878
insert,BSTMap,100,,,48466149.0,ns,11100
insert,BSTMap,100,,,49735233.0,ns,11322
insert,BSTMap,100,,,51584769.0,ns,11544
insert,BSTMap,100,,,51038835.0,ns,11766
insert,BSTMap,100,,,54061715.0,ns,11988
insert,BSTMap,100,,,57713110.0,ns,12210
insert,BSTMap,100,,,54413857.0,ns,12432
insert,BSTMap,100,,,55141202.0,ns,12654
insert,BSTMap,100,,,57155743.0,ns,12876
insert,BSTMap,100,,,56676228.0,ns,13098
insert,BSTMap,100,,,59547449.0,ns,13320
insert,BSTMap,100,,,59823056.0,ns,13542
insert,BSTMap,100,,,59994186.0,ns,13764
insert,BSTMap,100,,,61370072.0,ns,13986
insert,BSTMap,100,,,64192450.0,ns,14208
insert,BSTMap,100,,,62739048.0,ns,14430
insert,BSTMap,100,,,64257553.0,ns,14652
insert,BSTMap,100,,,65953786.0,ns,14874
insert,BSTMap,100,,,74739068.0,ns,15096
insert,BSTMap,100,,,71024132.0,ns,15318
insert,BSTMap,100,,,68458894.0,ns,15540
insert,BSTMap,100,,,72902451.0,ns,15762
insert,BSTMap,100,,,71725748.0,ns,15984
insert,BSTMap,100,,,73773358.0,ns,16206
insert,BSTMap,100,,,73051892.0,ns,16428
insert,BSTMap,100,,,72681611.0,ns,16650
insert,BSTMap,100,,,73783311.0,ns,16872
insert,BSTMap,100,,,74416113.0,ns,17094
insert,BSTMap,100,,,77253909.0,ns,17316
insert,BSTMap,100,,,75602994.0,ns,17538
insert,BSTMap,100,,,77981183.0,ns,17760
insert,BSTMap,100,,,82225991.0,ns,17982
insert,BSTMap,100,,,80842009.0,ns,18204
insert,BSTMap,100,,,80375211.0,ns,18426
insert,BSTMap,100,,,81015057.0,ns,18648
insert,BSTMap,100,,,81969761.0,ns,18870
insert,BSTMap,100,,,82074421.0,ns,19092
insert,BSTMap,100,,,85211534.0,ns,19314
insert,BSTMap,100,,,88235584.0,ns,19536
insert,BSTMap,100,,,86015198.0,ns,19758
insert,BSTMap,100,,,87432746.0,ns,19980
insert,BSTMap,100,,,88406678.0,ns,20202
insert,BSTMap,100,,,90199321.0,ns,20424
insert,BSTMap,100,,,101606260.0,ns,20646
insert,BSTMap,100,,,95791290.0,ns,20868
insert,BSTMap,100,,,94187618.0,ns,21090
insert,BSTMap,100,,,95451917.0,ns,21312
insert,BSTMap,100,,,95499332.0,ns,21534
insert,BSTMap,100,,,95700816.0,ns,21756
insert,BSTMap,100,,,96063228.0,ns,21978
insert,BSTMap,100,,,97394816.0,ns,22200
