{"mean":{"confidence_interval":{"confidence_level":0.95,"lower_bound":13742547.649500001,"upper_bound":13931466.7219375},"point_estimate":13830261.2275,"standard_error":48340.315493431415},"median":{"confidence_interval":{"confidence_level":0.95,"lower_bound":13637624.0,"upper_bound":13706196.25},"point_estimate":13667269.25,"standard_error":18319.585688495717},"median_abs_dev":{"confidence_interval":{"confidence_level":0.95,"lower_bound":129966.93759262562,"upper_bound":236527.51342579722},"point_estimate":166853.6542877555,"standard_error":26351.53410675191},"slope":null,"std_dev":{"confidence_interval":{"confidence_level":0.95,"lower_bound":304475.82394186035,"upper_bound":641317.9982490845},"point_estimate":488382.5268050626,"standard_error":84896.23641135852}}