group,function,value,throughput_num,throughput_type,sample_measured_value,unit,iteration_count
insert,BSTMap,1000,,,1218866.0,ns,6
insert,BSTMap,1000,,,1880561.0,ns,12
insert,BSTMap,1000,,,2942170.0,ns,18
insert,BSTMap,1000,,,3779311.0,ns,24
insert,BSTMap,1000,,,5859547.0,ns,30
insert,BSTMap,1000,,,6260122.0,ns,36
insert,BSTMap,1000,,,7250431.0,ns,42
insert,BSTMap,1000,,,8393912.0,ns,48
insert,BSTMap,1000,,,9211270.0,ns,54
insert,BSTMap,1000,,,10896283.0,ns,60
insert,BSTMap,1000,,,11500476.0,ns,66
insert,BSTMap,1000,,,12515641.0,ns,72
insert,BSTMap,1000,,,12966034.0,ns,78
insert,BSTMap,1000,,,14042674.0,ns,84
insert,BSTMap,1000,,,14682543.0,ns,90
insert,BSTMap,1000,,,15600511.0,ns,96
insert,BSTMap,1000,,,16541387.0,ns,102
insert,BSTMap,1000,,,18572899.0,ns,108
insert,BSTMap,1000,,,19214299.0,ns,114
insert,BSTMap,1000,,,20233446.0,ns,120
insert,BSTMap,1000,,,21883525.0,ns,126
insert,BSTMap,1000,,,21392343.0,ns,132
insert,BSTMap,1000,,,22228914.0,ns,138
insert,BSTMap,1000,,,23480686.0,ns,144
insert,BSTMap,1000,,,24064189.0,ns,150
insert,BSTMap,1000,,,25386242.0,ns,156
insert,BSTMap,1000,,,26164172.0,ns,162
insert,BSTMap,1000,,,27318856.0,ns,168
insert,BSTMap,1000,,,28119304.0,ns,174
insert,BSTMap,1000,,,29334355.0,ns,180
insert,BSTMap,1000,,,30504552.0,ns,186
insert,BSTMap,1000,,,31665960.0,ns,192
insert,BSTMap,1000,,,32229520.0,ns,198
insert,BSTMap,1000,,,33523169.0,ns,204
insert,BSTMap,1000,,,35161661.0,ns,210
insert,BSTMap,1000,,,36229611.0,ns,216
insert,BSTMap,1000,,,36937148.0,ns,222
insert,BSTMap,1000,,,37586832.0,ns,228
insert,BSTMap,1000,,,38611302.0,ns,234
insert,BSTMap,1000,,,39231532.0,ns,240
insert,BSTMap,1000,,,40387942.0,ns,246
insert,BSTMap,1000,,,41147250.0,ns,252
insert,BSTMap,1000,,,44300716.0,ns,258
insert,BSTMap,1000,,,43455105.0,ns,264
insert,BSTMap,1000,,,44098224.0,ns,270
insert,BSTMap,1000,,,45566421.0,ns,276
insert,BSTMap,1000,,,45681512.0,ns,282
insert,BSTMap,1000,,,47008096.0,ns,288
insert,BSTMap,1000,,,49936097.0,ns,294
insert,BSTMap,1000,,,51211921.0,ns,300
insert,BSTMap,1000,,,50793412.0,ns,306
insert,BSTMap,1000,,,50752143.0,ns,312
insert,BSTMap,1000,,,52085469.0,ns,318
insert,BSTMap,1000,,,53591324.0,ns,324
insert,BSTMap,1000,,,62922666.0,ns,330
insert,BSTMap,1000,,,54580714.0,ns,336
insert,BSTMap,1000,,,55609249.0,ns,342
insert,BSTMap,1000,,,57058019.0,ns,348
insert,BSTMap,1000,,,58776365.0,ns,354
insert,BSTMap,1000,,,59431023.0,ns,360
insert,BSTMap,1000,,,61029481.0,ns,366
insert,BSTMap,1000,,,60801475.0,ns,372
insert,BSTMap,1000,,,62093279.0,ns,378
insert,BSTMap,1000,,,62368909.0,ns,384
insert,BSTMap,1000,,,63162817.0,ns,390
insert,BSTMap,1000,,,66253397.0,ns,396
insert,BSTMap,1000,,,67468870.0,ns,402
insert,BSTMap,1000,,,66032603.0,ns,408
insert,BSTMap,1000,,,67469637.0,ns,414
insert,BSTMap,1000,,,70579570.0,ns,420
insert,BSTMap,1000,,,70329989.0,ns,426
insert,BSTMap,1000,,,70049885.0,ns,432
insert,BSTMap,1000,,,71766932.0,ns,438
insert,BSTMap,1000,,,73568442.0,ns,444
insert,BSTMap,1000,,,73024828.0,ns,450
insert,BSTMap,1000,,,74690275.0,ns,456
insert,BSTMap,1000,,,75023780.0,ns,462
insert,BSTMap,1000,,,79711916.0,ns,468
insert,BSTMap,1000,,,77525909.0,ns,474
insert,BSTMap,1000,,,80704198.0,ns,480
insert,BSTMap,1000,,,81046096.0,ns,486
insert,BSTMap,1000,,,80510997.0,ns,492
insert,BSTMap,1000,,,82930468.0,ns,498
insert,BSTMap,1000,,,91758563.0,ns,504
insert,BSTMap,1000,,,84674657.0,ns,510
insert,BSTMap,1000,,,85837716.0,ns,516
insert,BSTMap,1000,,,85828657.0,ns,522
insert,BSTMap,1000,,,86350282.0,ns,528
insert,BSTMap,1000,,,87829060.0,ns,534
insert,BSTMap,1000,,,88056018.0,ns,540
insert,BSTMap,1000,,,88263587.0,ns,546
insert,BSTMap,1000,,,94369924.0,ns,552
insert,BSTMap,1000,,,91012012.0,ns,558
insert,BSTMap,1000,,,93196072.0,ns,564
insert,BSTMap,1000,,,93771502.0,ns,570
insert,BSTMap,1000,,,94442204.0,ns,576
insert,BSTMap,1000,,,95699564.0,ns,582
insert,BSTMap,1000,,,96888903.0,ns,588
insert,BSTMap,1000,,,99780090.0,ns,594
insert,BSTMap,1000,,,97339314.0,ns,600
