group,function,value,throughput_num,throughput_type,sample_measured_value,unit,iteration_count
insert,HashMap,500,,,1220026.0,ns,39
insert,HashMap,500,,,1859191.0,ns,78
insert,HashMap,500,,,2863910.0,ns,117
insert,HashMap,500,,,4109393.0,ns,156
insert,HashMap,500,,,5597720.0,ns,195
insert,HashMap,500,,,6346891.0,ns,234
insert,HashMap,500,,,7288064.0,ns,273
insert,HashMap,500,,,8357733.0,ns,312
insert,HashMap,500,,,9110295.0,ns,351
insert,HashMap,500,,,10752743.0,ns,390
insert,HashMap,500,,,11783133.0,ns,429
insert,HashMap,500,,,12320593.0,ns,468
insert,HashMap,500,,,12950295.0,ns,507
insert,HashMap,500,,,13683347.0,ns,546
insert,HashMap,500,,,14711413.0,ns,585
insert,HashMap,500,,,15431211.0,ns,624
insert,HashMap,500,,,16380660.0,ns,663
insert,HashMap,500,,,17429257.0,ns,702
insert,HashMap,500,,,18650227.0,ns,741
insert,HashMap,500,,,19411488.0,ns,780
insert,HashMap,500,,,20525896.0,ns,819
insert,HashMap,500,,,21679096.0,ns,858
insert,HashMap,500,,,22041877.0,ns,897
insert,HashMap,500,,,23054158.0,ns,936
insert,HashMap,500,,,25505763.0,ns,975
insert,HashMap,500,,,25684844.0,ns,1014
insert,HashMap,500,,,26661084.0,ns,1053
insert,HashMap,500,,,27299328.0,ns,1092
insert,HashMap,500,,,27711411.0,ns,1131
insert,HashMap,500,,,29083334.0,ns,1170
insert,HashMap,500,,,30175856.0,ns,1209
insert,HashMap,500,,,31339104.0,ns,1248
insert,HashMap,500,,,33256904.0,ns,1287
insert,HashMap,500,,,34191948.0,ns,1326
insert,HashMap,500,,,34075561.0,ns,1365
insert,HashMap,500,,,34827279.0,ns,1404
insert,HashMap,500,,,35663793.0,ns,1443
insert,HashMap,500,,,37286304.0,ns,1482
insert,HashMap,500,,,38071933.0,ns,1521
insert,HashMap,500,,,40033575.0,ns,1560
insert,HashMap,500,,,39865295.0,ns,1599
insert,HashMap,500,,,50680398.0,ns,1638
insert,HashMap,500,,,42384898.0,ns,1677
insert,HashMap,500,,,42848187.0,ns,1716
insert,HashMap,500,,,43339236.0,ns,1755
insert,HashMap,500,,,44761962.0,ns,1794
insert,HashMap,500,,,45529970.0,ns,1833
insert,HashMap,500,,,46565221.0,ns,1872
insert,HashMap,500,,,48643712.0,ns,1911
insert,HashMap,500,,,49402152.0,ns,1950
insert,HashMap,500,,,49136958.0,ns,1989
insert,HashMap,500,,,51286301.0,ns,2028
insert,HashMap,500,,,51248711.0,ns,2067
insert,HashMap,500,,,54115234.0,ns,2106
insert,HashMap,500,,,53547343.0,ns,2145
insert,HashMap,500,,,55438589.0,ns,2184
insert,HashMap,500,,,55175353.0,ns,2223
insert,HashMap,500,,,55598939.0,ns,2262
insert,HashMap,500,,,57179922.0,ns,2301
insert,HashMap,500,,,60690169.0,ns,2340
insert,HashMap,500,,,59266698.0,ns,2379
insert,HashMap,500,,,60344043.0,ns,2418
insert,HashMap,500,,,60912679.0,ns,2457
insert,HashMap,500,,,61787874.0,ns,2496
insert,HashMap,500,,,63140107.0,ns,2535
insert,HashMap,500,,,64430825.0,ns,2574
insert,HashMap,500,,,65189900.0,ns,2613
insert,HashMap,500,,,65690971.0,ns,2652
insert,HashMap,500,,,69598352.0,ns,2691
insert,HashMap,500,,,68706280.0,ns,2730
insert,HashMap,500,,,68531773.0,ns,2769
insert,HashMap,500,,,70339611.0,ns,2808
insert,HashMap,500,,,71526736.0,ns,2847
insert,HashMap,500,,,71630425.0,ns,2886
insert,HashMap,500,,,73546210.0,ns,2925
insert,HashMap,500,,,83168214.0,ns,2964
insert,HashMap,500,,,75665325.0,ns,3003
insert,HashMap,500,,,77598425.0,ns,3042
insert,HashMap,500,,,76874890.0,ns,3081
insert,HashMap,500,,,77421393.0,ns,3120
insert,HashMap,500,,,78366564.0,ns,3159
insert,HashMap,500,,,79760036.0,ns,3198
insert,HashMap,500,,,80749497.0,ns,3237
insert,HashMap,500,,,81573928.0,ns,3276
insert,HashMap,500,,,88049319.0,ns,3315
insert,HashMap,500,,,83671916.0,ns,3354
insert,HashMap,500,,,85366420.0,ns,3393
insert,HashMap,500,,,87760300.0,ns,3432
insert,HashMap,500,,,90520887.0,ns,3471
insert,HashMap,500,,,88531107.0,ns,3510
insert,HashMap,500,,,90313079.0,ns,3549
insert,HashMap,500,,,91700749.0,ns,3588
insert,HashMap,500,,,90309328.0,ns,3627
insert,HashMap,500,,,91977573.0,ns,3666
insert,HashMap,500,,,92447769.0,ns,3705
insert,HashMap,500,,,93304917.0,ns,3744
insert,HashMap,500,,,94459435.0,ns,3783
insert,HashMap,500,,,96095324.0,ns,3822
insert,HashMap,500,,,98529369.0,ns,3861
insert,HashMap,500,,,104797360.0,ns,3900
