{"mean":{"confidence_interval":{"confidence_level":0.95,"lower_bound":3117071.206890625,"upper_bound":3168195.690140625},"point_estimate":3140863.179375,"standard_error":13107.950138683229},"median":{"confidence_interval":{"confidence_level":0.95,"lower_bound":3083200.78125,"upper_bound":3104582.6875},"point_estimate":3097274.3125,"standard_error":5036.174021305689},"median_abs_dev":{"confidence_interval":{"confidence_level":0.95,"lower_bound":31722.77465555817,"upper_bound":66729.7399090603},"point_estimate":51078.81228066981,"standard_error":8882.016543398424},"slope":null,"std_dev":{"confidence_interval":{"confidence_level":0.95,"lower_bound":87516.20062454355,"upper_bound":167858.4513588623},"point_estimate":131195.373255052,"standard_error":20584.350758681547}}