group,function,value,throughput_num,throughput_type,sample_measured_value,unit,iteration_count
insert,BSTMap,500,,,1053537.0,ns,20
insert,BSTMap,500,,,2250893.0,ns,40
insert,BSTMap,500,,,3063299.0,ns,60
insert,BSTMap,500,,,4172498.0,ns,80
insert,BSTMap,500,,,5575588.0,ns,100
insert,BSTMap,500,,,6721222.0,ns,120
insert,BSTMap,500,,,7571409.0,ns,140
insert,BSTMap,500,,,8885874.0,ns,160
insert,BSTMap,500,,,9345114.0,ns,180
insert,BSTMap,500,,,11412206.0,ns,200
insert,BSTMap,500,,,11964071.0,ns,220
insert,BSTMap,500,,,12738777.0,ns,240
insert,BSTMap,500,,,13417867.0,ns,260
insert,BSTMap,500,,,14305409.0,ns,280
insert,BSTMap,500,,,15756413.0,ns,300
insert,BSTMap,500,,,15993593.0,ns,320
insert,BSTMap,500,,,17129210.0,ns,340
insert,BSTMap,500,,,18506652.0,ns,360
insert,BSTMap,500,,,19132142.0,ns,380
insert,BSTMap,500,,,20434170.0,ns,400
insert,BSTMap,500,,,21204057.0,ns,420
insert,BSTMap,500,,,22085835.0,ns,440
insert,BSTMap,500,,,23231144.0,ns,460
insert,BSTMap,500,,,24473294.0,ns,480
insert,BSTMap,500,,,25265919.0,ns,500
insert,BSTMap,500,,,26367282.0,ns,520
insert,BSTMap,500,,,27152865.0,ns,540
insert,BSTMap,500,,,28059533.0,ns,560
insert,BSTMap,500,,,30397622.0,ns,580
insert,BSTMap,500,,,30381659.0,ns,600
insert,BSTMap,500,,,32428829.0,ns,620
insert,BSTMap,500,,,32720143.0,ns,640
insert,BSTMap,500,,,33352449.0,ns,660
insert,BSTMap,500,,,34057726.0,ns,680
insert,BSTMap,500,,,37300292.0,ns,700
insert,BSTMap,500,,,37731701.0,ns,720
insert,BSTMap,500,,,37884968.0,ns,740
insert,BSTMap,500,,,38527118.0,ns,760
insert,BSTMap,500,,,39433126.0,ns,780
insert,BSTMap,500,,,40679966.0,ns,800
insert,BSTMap,500,,,41385223.0,ns,820
insert,BSTMap,500,,,42853097.0,ns,840
insert,BSTMap,500,,,44263721.0,ns,860
insert,BSTMap,500,,,45385662.0,ns,880
insert,BSTMap,500,,,45601334.0,ns,900
insert,BSTMap,500,,,46523280.0,ns,920
insert,BSTMap,500,,,47391751.0,ns,940
insert,BSTMap,500,,,49656495.0,ns,960
insert,BSTMap,500,,,51830616.0,ns,980
insert,BSTMap,500,,,50383144.0,ns,1000
insert,BSTMap,500,,,52010662.0,ns,1020
insert,BSTMap,500,,,52466593.0,ns,1040
insert,BSTMap,500,,,54694822.0,ns,1060
insert,BSTMap,500,,,55793072.0,ns,1080
insert,BSTMap,500,,,56763347.0,ns,1100
insert,BSTMap,500,,,65045495.0,ns,1120
insert,BSTMap,500,,,57932762.0,ns,1140
insert,BSTMap,500,,,60070881.0,ns,1160
insert,BSTMap,500,,,59863183.0,ns,1180
insert,BSTMap,500,,,60245065.0,ns,1200
insert,BSTMap,500,,,61411451.0,ns,1220
insert,BSTMap,500,,,63378095.0,ns,1240
insert,BSTMap,500,,,64222201.0,ns,1260
insert,BSTMap,500,,,65013444.0,ns,1280
insert,BSTMap,500,,,66576782.0,ns,1300
insert,BSTMap,500,,,66834502.0,ns,1320
insert,BSTMap,500,,,67277144.0,ns,1340
insert,BSTMap,500,,,68491463.0,ns,1360
insert,BSTMap,500,,,70054061.0,ns,1380
insert,BSTMap,500,,,70656165.0,ns,1400
insert,BSTMap,500,,,71343459.0,ns,1420
insert,BSTMap,500,,,72678469.0,ns,1440
insert,BSTMap,500,,,74269950.0,ns,1460
insert,BSTMap,500,,,75058973.0,ns,1480
insert,BSTMap,500,,,75706097.0,ns,1500
insert,BSTMap,500,,,77737969.0,ns,1520
insert,BSTMap,500,,,78878841.0,ns,1540
insert,BSTMap,500,,,78953038.0,ns,1560
insert,BSTMap,500,,,81040918.0,ns,1580
insert,BSTMap,500,,,80814433.0,ns,1600
insert,BSTMap,500,,,82857067.0,ns,1620
insert,BSTMap,500,,,84182900.0,ns,1640
insert,BSTMap,500,,,84325390.0,ns,1660
insert,BSTMap,500,,,95395229.0,ns,1680
insert,BSTMap,500,,,87392274.0,ns,1700
insert,BSTMap,500,,,87748534.0,ns,1720
insert,BSTMap,500,,,88413048.0,ns,1740
insert,BSTMap,500,,,90037542.0,ns,1760
insert,BSTMap,500,,,90072363.0,ns,1780
insert,BSTMap,500,,,91726208.0,ns,1800
insert,BSTMap,500,,,92410557.0,ns,1820
insert,BSTMap,500,,,92431002.0,ns,1840
insert,BSTMap,500,,,95793440.0,ns,1860
insert,BSTMap,500,,,99464378.0,ns,1880
insert,BSTMap,500,,,96126370.0,ns,1900
insert,BSTMap,500,,,96415927.0,ns,1920
insert,BSTMap,500,,,96820340.0,ns,1940
insert,BSTMap,500,,,99642093.0,ns,1960
insert,BSTMap,500,,,100310522.0,ns,1980
insert,BSTMap,500,,,100356182.0,ns,2000
