{"mean":{"confidence_interval":{"confidence_level":0.95,"lower_bound":72593.74117391072,"upper_bound":73872.62294792545},"point_estimate":73197.41179487413,"standard_error":328.06703767986386},"median":{"confidence_interval":{"confidence_level":0.95,"lower_bound":71661.58857142857,"upper_bound":72721.60538641686},"point_estimate":72056.03455182073,"standard_error":265.14961030720633},"median_abs_dev":{"confidence_interval":{"confidence_level":0.95,"lower_bound":1299.829629270713,"upper_bound":2500.6852234118896},"point_estimate":1812.316738088109,"standard_error":300.15960938490065},"slope":{"confidence_interval":{"confidence_level":0.95,"lower_bound":72111.97582897768,"upper_bound":73136.4969230303},"point_estimate":72593.31699107011,"standard_error":261.76984996618614},"std_dev":{"confidence_interval":{"confidence_level":0.95,"lower_bound":2372.0873492848764,"upper_bound":4101.652414956942},"point_estimate":3292.522836685024,"standard_error":443.0946663960747}}