group,function,value,throughput_num,throughput_type,sample_measured_value,unit,iteration_count
insert,BTreeMap,1000,,,1043121.0,ns,14
insert,BTreeMap,1000,,,1908268.0,ns,28
insert,BTreeMap,1000,,,3022046.0,ns,42
insert,BTreeMap,1000,,,4195611.0,ns,56
insert,BTreeMap,1000,,,5998293.0,ns,70
insert,BTreeMap,1000,,,6418523.0,ns,84
insert,BTreeMap,1000,,,7745698.0,ns,98
insert,BTreeMap,1000,,,8448860.0,ns,112
insert,BTreeMap,1000,,,9484000.0,ns,126
insert,BTreeMap,1000,,,11455849.0,ns,140
insert,BTreeMap,1000,,,11525727.0,ns,154
insert,BTreeMap,1000,,,12750253.0,ns,168
insert,BTreeMap,1000,,,13241933.0,ns,182
insert,BTreeMap,1000,,,14180726.0,ns,196
insert,BTreeMap,1000,,,15079040.0,ns,210
insert,BTreeMap,1000,,,16101431.0,ns,224
insert,BTreeMap,1000,,,17252470.0,ns,238
insert,BTreeMap,1000,,,17911939.0,ns,252
insert,BTreeMap,1000,,,18969800.0,ns,266
insert,BTreeMap,1000,,,19653901.0,ns,280
insert,BTreeMap,1000,,,20719242.0,ns,294
insert,BTreeMap,1000,,,22862549.0,ns,308
insert,BTreeMap,1000,,,23988415.0,ns,322
insert,BTreeMap,1000,,,24883518.0,ns,336
insert,BTreeMap,1000,,,25081556.0,ns,350
insert,BTreeMap,1000,,,25740138.0,ns,364
insert,BTreeMap,1000,,,26745372.0,ns,378
insert,BTreeMap,1000,,,28265125.0,ns,392
insert,BTreeMap,1000,,,29645730.0,ns,406
insert,BTreeMap,1000,,,30925545.0,ns,420
insert,BTreeMap,1000,,,30515410.0,ns,434
insert,BTreeMap,1000,,,31804950.0,ns,448
insert,BTreeMap,1000,,,32792164.0,ns,462
insert,BTreeMap,1000,,,37300417.0,ns,476
insert,BTreeMap,1000,,,42241087.0,ns,490
insert,BTreeMap,1000,,,38706081.0,ns,504
insert,BTreeMap,1000,,,37855394.0,ns,518
insert,BTreeMap,1000,,,37755451.0,ns,532
insert,BTreeMap,1000,,,38940478.0,ns,546
insert,BTreeMap,1000,,,41748853.0,ns,560
insert,BTreeMap,1000,,,40574641.0,ns,574
insert,BTreeMap,1000,,,43235659.0,ns,588
insert,BTreeMap,1000,,,42987684.0,ns,602
insert,BTreeMap,1000,,,48427856.0,ns,616
insert,BTreeMap,1000,,,49011729.0,ns,630
insert,BTreeMap,1000,,,47700560.0,ns,644
insert,BTreeMap,1000,,,56617360.0,ns,658
insert,BTreeMap,1000,,,52773856.0,ns,672
insert,BTreeMap,1000,,,50514966.0,ns,686
insert,BTreeMap,1000,,,49397023.0,ns,700
insert,BTreeMap,1000,,,50304045.0,ns,714
insert,BTreeMap,1000,,,51637067.0,ns,728
insert,BTreeMap,1000,,,52969380.0,ns,742
insert,BTreeMap,1000,,,53267900.0,ns,756
insert,BTreeMap,1000,,,55865695.0,ns,770
insert,BTreeMap,1000,,,56166861.0,ns,784
insert,BTreeMap,1000,,,56527893.0,ns,798
insert,BTreeMap,1000,,,57214650.0,ns,812
insert,BTreeMap,1000,,,58739259.0,ns,826
insert,BTreeMap,1000,,,61556662.0,ns,840
insert,BTreeMap,1000,,,62104251.0,ns,854
insert,BTreeMap,1000,,,61168809.0,ns,868
insert,BTreeMap,1000,,,63103936.0,ns,882
insert,BTreeMap,1000,,,63820961.0,ns,896
insert,BTreeMap,1000,,,65043760.0,ns,910
insert,BTreeMap,1000,,,66462154.0,ns,924
insert,BTreeMap,1000,,,66355624.0,ns,938
insert,BTreeMap,1000,,,68595054.0,ns,952
insert,BTreeMap,1000,,,72672872.0,ns,966
insert,BTreeMap,1000,,,70273178.0,ns,980
insert,BTreeMap,1000,,,71055382.0,ns,994
insert,BTreeMap,1000,,,73703888.0,ns,1008
insert,BTreeMap,1000,,,73451617.0,ns,1022
insert,BTreeMap,1000,,,73518531.0,ns,1036
insert,BTreeMap,1000,,,75661363.0,ns,1050
insert,BTreeMap,1000,,,75947507.0,ns,1064
insert,BTreeMap,1000,,,83546310.0,ns,1078
insert,BTreeMap,1000,,,78575789.0,ns,1092
insert,BTreeMap,1000,,,87255087.0,ns,1106
insert,BTreeMap,1000,,,81212309.0,ns,1120
insert,BTreeMap,1000,,,82214689.0,ns,1134
insert,BTreeMap,1000,,,85667789.0,ns,1148
insert,BTreeMap,1000,,,82411764.0,ns,1162
insert,BTreeMap,1000,,,86278695.0,ns,1176
insert,BTreeMap,1000,,,84819141.0,ns,1190
insert,BTreeMap,1000,,,85831332.0,ns,1204
insert,BTreeMap,1000,,,87451264.0,ns,1218
insert,BTreeMap,1000,,,88928884.0,ns,1232
insert,BTreeMap,1000,,,87410537.0,ns,1246
insert,BTreeMap,1000,,,90954439.0,ns,1260
insert,BTreeMap,1000,,,92860387.0,ns,1274
insert,BTreeMap,1000,,,91290269.0,ns,1288
insert,BTreeMap,1000,,,92066306.0,ns,1302
insert,BTreeMap,1000,,,93767235.0,ns,1316
insert,BTreeMap,1000,,,94469966.0,ns,1330
insert,BTreeMap,1000,,,98781074.0,ns,1344
insert,BTreeMap,1000,,,101039855.0,ns,1358
insert,BTreeMap,1000,,,100703575.0,ns,1372
insert,BTreeMap,1000,,,103553498.0,ns,1386
insert,BTreeMap,1000,,,99802371.0,ns,1400
