{"mean":{"confidence_interval":{"confidence_level":0.95,"lower_bound":662687.9268084791,"upper_bound":672556.736907978},"point_estimate":667340.7950795855,"standard_error":2524.205820929207},"median":{"confidence_interval":{"confidence_level":0.95,"lower_bound":654463.5,"upper_bound":661302.4195608497},"point_estimate":657094.8757443884,"standard_error":1919.3071064875903},"median_abs_dev":{"confidence_interval":{"confidence_level":0.95,"lower_bound":7056.99498628156,"upper_bound":15000.434362779957},"point_estimate":10447.840676108806,"standard_error":2192.94606261265},"slope":{"confidence_interval":{"confidence_level":0.95,"lower_bound":658360.3556979994,"upper_bound":665474.6539846008},"point_estimate":661593.4960529038,"standard_error":1815.3001313305497},"std_dev":{"confidence_interval":{"confidence_level":0.95,"lower_bound":17985.714870482403,"upper_bound":32928.99867642994},"point_estimate":25299.860109464244,"standard_error":3927.4823644458465}}