group,function,value,throughput_num,throughput_type,sample_measured_value,unit,iteration_count
insert,BSTMap,2000,,,1321916.0,ns,2
insert,BSTMap,2000,,,2766498.0,ns,4
insert,BSTMap,2000,,,3810003.0,ns,6
insert,BSTMap,2000,,,5728889.0,ns,8
insert,BSTMap,2000,,,7179886.0,ns,10
insert,BSTMap,2000,,,8480748.0,ns,12
insert,BSTMap,2000,,,9885057.0,ns,14
insert,BSTMap,2000,,,11112592.0,ns,16
insert,BSTMap,2000,,,12994399.0,ns,18
insert,BSTMap,2000,,,14128051.0,ns,20
insert,BSTMap,2000,,,16062115.0,ns,22
insert,BSTMap,2000,,,17133263.0,ns,24
insert,BSTMap,2000,,,17560562.0,ns,26
insert,BSTMap,2000,,,18287724.0,ns,28
insert,BSTMap,2000,,,19488393.0,ns,30
insert,BSTMap,2000,,,20956832.0,ns,32
insert,BSTMap,2000,,,21961775.0,ns,34
insert,BSTMap,2000,,,23023949.0,ns,36
insert,BSTMap,2000,,,27364578.0,ns,38
insert,BSTMap,2000,,,27793994.0,ns,40
insert,BSTMap,2000,,,27136390.0,ns,42
insert,BSTMap,2000,,,29499227.0,ns,44
insert,BSTMap,2000,,,30086909.0,ns,46
insert,BSTMap,2000,,,31311383.0,ns,48
insert,BSTMap,2000,,,32411765.0,ns,50
insert,BSTMap,2000,,,34285302.0,ns,52
insert,BSTMap,2000,,,35036626.0,ns,54
insert,BSTMap,2000,,,36649956.0,ns,56
insert,BSTMap,2000,,,39062522.0,ns,58
insert,BSTMap,2000,,,39380714.0,ns,60
insert,BSTMap,2000,,,41412688.0,ns,62
insert,BSTMap,2000,,,51516707.0,ns,64
insert,BSTMap,2000,,,43237547.0,ns,66
insert,BSTMap,2000,,,44404893.0,ns,68
insert,BSTMap,2000,,,46628801.0,ns,70
insert,BSTMap,2000,,,46923098.0,ns,72
insert,BSTMap,2000,,,48617690.0,ns,74
insert,BSTMap,2000,,,49674906.0,ns,76
insert,BSTMap,2000,,,50829886.0,ns,78
insert,BSTMap,2000,,,51743781.0,ns,80
insert,BSTMap,2000,,,53721489.0,ns,82
insert,BSTMap,2000,,,54459612.0,ns,84
insert,BSTMap,2000,,,58369709.0,ns,86
insert,BSTMap,2000,,,59344160.0,ns,88
insert,BSTMap,2000,,,58477407.0,ns,90
insert,BSTMap,2000,,,60158591.0,ns,92
insert,BSTMap,2000,,,61633921.0,ns,94
insert,BSTMap,2000,,,62696887.0,ns,96
insert,BSTMap,2000,,,63676800.0,ns,98
insert,BSTMap,2000,,,65653067.0,ns,100
insert,BSTMap,2000,,,67011717.0,ns,102
insert,BSTMap,2000,,,68772813.0,ns,104
insert,BSTMap,2000,,,72588967.0,ns,106
insert,BSTMap,2000,,,71892206.0,ns,108
insert,BSTMap,2000,,,73824614.0,ns,110
insert,BSTMap,2000,,,73299513.0,ns,112
insert,BSTMap,2000,,,73919890.0,ns,114
insert,BSTMap,2000,,,78986320.0,ns,116
insert,BSTMap,2000,,,77548885.0,ns,118
insert,BSTMap,2000,,,78037212.0,ns,120
insert,BSTMap,2000,,,83048377.0,ns,122
insert,BSTMap,2000,,,82706472.0,ns,124
insert,BSTMap,2000,,,81932632.0,ns,126
insert,BSTMap,2000,,,93601772.0,ns,128
insert,BSTMap,2000,,,87161715.0,ns,130
insert,BSTMap,2000,,,87531367.0,ns,132
insert,BSTMap,2000,,,88617924.0,ns,134
insert,BSTMap,2000,,,91536680.0,ns,136
insert,BSTMap,2000,,,89932618.0,ns,138
insert,BSTMap,2000,,,92921630.0,ns,140
insert,BSTMap,2000,,,92309733.0,ns,142
insert,BSTMap,2000,,,95748068.0,ns,144
insert,BSTMap,2000,,,97474682.0,ns,146
insert,BSTMap,2000,,,99626813.0,ns,148
insert,BSTMap,2000,,,99160860.0,ns,150
insert,BSTMap,2000,,,100299062.0,ns,152
insert,BSTMap,2000,,,101097730.0,ns,154
insert,BSTMap,2000,,,101896912.0,ns,156
insert,BSTMap,2000,,,102941160.0,ns,158
insert,BSTMap,2000,,,110544752.0,ns,160
insert,BSTMap,2000,,,105852590.0,ns,162
insert,BSTMap,2000,,,107330649.0,ns,164
insert,BSTMap,2000,,,108379199.0,ns,166
insert,BSTMap,2000,,,118547843.0,ns,168
insert,BSTMap,2000,,,112106850.0,ns,170
insert,BSTMap,2000,,,114938022.0,ns,172
insert,BSTMap,2000,,,113575214.0,ns,174
insert,BSTMap,2000,,,117881615.0,ns,176
insert,BSTMap,2000,,,119075944.0,ns,178
insert,BSTMap,2000,,,117244213.0,ns,180
insert,BSTMap,2000,,,118968632.0,ns,182
insert,BSTMap,2000,,,119758391.0,ns,184
insert,BSTMap,2000,,,122426382.0,ns,186
insert,BSTMap,2000,,,122939149.0,ns,188
insert,BSTMap,2000,,,124930964.0,ns,190
insert,BSTMap,2000,,,125176216.0,ns,192
insert,BSTMap,2000,,,128290794.0,ns,194
insert,BSTMap,2000,,,127624228.0,ns,196
insert,BSTMap,2000,,,129547858.0,ns,198
insert,BSTMap,2000,,,130005453.0,ns,200
