{"mean":{"confidence_interval":{"confidence_level":0.95,"lower_bound":100054.48369624233,"upper_bound":102508.94611811196},"point_estimate":101080.91483889928,"standard_error":635.0194169793233},"median":{"confidence_interval":{"confidence_level":0.95,"lower_bound":99090.875,"upper_bound":99866.17647058824},"point_estimate":99358.3607638889,"standard_error":198.5372968733998},"median_abs_dev":{"confidence_interval":{"confidence_level":0.95,"lower_bound":1010.9147351377846,"upper_bound":1945.9893692082132},"point_estimate":1336.1224810462957,"standard_error":246.25735841011735},"slope":{"confidence_interval":{"confidence_level":0.95,"lower_bound":99287.11913805206,"upper_bound":100697.5945499954},"point_estimate":99911.60483907197,"standard_error":360.680566705552},"std_dev":{"confidence_interval":{"confidence_level":0.95,"lower_bound":2558.067499544697,"upper_bound":10034.061329171627},"point_estimate":6377.486629548751,"standard_error":2303.8330922059567}}