group,function,value,throughput_num,throughput_type,sample_measured_value,unit,iteration_count
insert,HashMap,2000,,,1017056.0,ns,10
insert,HashMap,2000,,,1968009.0,ns,20
insert,HashMap,2000,,,2929046.0,ns,30
insert,HashMap,2000,,,3875502.0,ns,40
insert,HashMap,2000,,,5744254.0,ns,50
insert,HashMap,2000,,,6193572.0,ns,60
insert,HashMap,2000,,,7546327.0,ns,70
insert,HashMap,2000,,,8410493.0,ns,80
insert,HashMap,2000,,,9365854.0,ns,90
insert,HashMap,2000,,,11177794.0,ns,100
insert,HashMap,2000,,,11764000.0,ns,110
insert,HashMap,2000,,,12630214.0,ns,120
insert,HashMap,2000,,,12824196.0,ns,130
insert,HashMap,2000,,,13882979.0,ns,140
insert,HashMap,2000,,,23242565.0,ns,150
insert,HashMap,2000,,,15594655.0,ns,160
insert,HashMap,2000,,,16977250.0,ns,170
insert,HashMap,2000,,,18238536.0,ns,180
insert,HashMap,2000,,,18823979.0,ns,190
insert,HashMap,2000,,,20919976.0,ns,200
insert,HashMap,2000,,,22197606.0,ns,210
insert,HashMap,2000,,,21787119.0,ns,220
insert,HashMap,2000,,,23270625.0,ns,230
insert,HashMap,2000,,,24002894.0,ns,240
insert,HashMap,2000,,,25018680.0,ns,250
insert,HashMap,2000,,,26008815.0,ns,260
insert,HashMap,2000,,,26577641.0,ns,270
insert,HashMap,2000,,,27826501.0,ns,280
insert,HashMap,2000,,,28452111.0,ns,290
insert,HashMap,2000,,,29798200.0,ns,300
insert,HashMap,2000,,,31040743.0,ns,310
insert,HashMap,2000,,,31709080.0,ns,320
insert,HashMap,2000,,,32825858.0,ns,330
insert,HashMap,2000,,,33419260.0,ns,340
insert,HashMap,2000,,,34345248.0,ns,350
insert,HashMap,2000,,,35622719.0,ns,360
insert,HashMap,2000,,,36431204.0,ns,370
insert,HashMap,2000,,,38374068.0,ns,380
insert,HashMap,2000,,,40383811.0,ns,390
insert,HashMap,2000,,,41976579.0,ns,400
insert,HashMap,2000,,,40545091.0,ns,410
insert,HashMap,2000,,,41579136.0,ns,420
insert,HashMap,2000,,,42051592.0,ns,430
insert,HashMap,2000,,,44257999.0,ns,440
insert,HashMap,2000,,,44459853.0,ns,450
insert,HashMap,2000,,,45841648.0,ns,460
insert,HashMap,2000,,,46889153.0,ns,470
insert,HashMap,2000,,,47695669.0,ns,480
insert,HashMap,2000,,,48679340.0,ns,490
insert,HashMap,2000,,,49955255.0,ns,500
insert,HashMap,2000,,,50837799.0,ns,510
insert,HashMap,2000,,,52182291.0,ns,520
insert,HashMap,2000,,,54405646.0,ns,530
insert,HashMap,2000,,,55107646.0,ns,540
insert,HashMap,2000,,,54939554.0,ns,550
insert,HashMap,2000,,,55522292.0,ns,560
insert,HashMap,2000,,,57452697.0,ns,570
insert,HashMap,2000,,,57101930.0,ns,580
insert,HashMap,2000,,,59565984.0,ns,590
insert,HashMap,2000,,,59360164.0,ns,600
insert,HashMap,2000,,,61071688.0,ns,610
insert,HashMap,2000,,,61467152.0,ns,620
insert,HashMap,2000,,,62590969.0,ns,630
insert,HashMap,2000,,,63460907.0,ns,640
insert,HashMap,2000,,,74408746.0,ns,650
insert,HashMap,2000,,,64755925.0,ns,660
insert,HashMap,2000,,,68861597.0,ns,670
insert,HashMap,2000,,,67822244.0,ns,680
insert,HashMap,2000,,,68172760.0,ns,690
insert,HashMap,2000,,,69276864.0,ns,700
insert,HashMap,2000,,,70147116.0,ns,710
insert,HashMap,2000,,,70738865.0,ns,720
insert,HashMap,2000,,,71937284.0,ns,730
insert,HashMap,2000,,,76971987.0,ns,740
insert,HashMap,2000,,,78314107.0,ns,750
insert,HashMap,2000,,,76010161.0,ns,760
insert,HashMap,2000,,,76179025.0,ns,770
insert,HashMap,2000,,,77557382.0,ns,780
insert,HashMap,2000,,,77906069.0,ns,790
insert,HashMap,2000,,,78715913.0,ns,800
insert,HashMap,2000,,,80724269.0,ns,810
insert,HashMap,2000,,,80776123.0,ns,820
insert,HashMap,2000,,,81975244.0,ns,830
insert,HashMap,2000,,,82277456.0,ns,840
insert,HashMap,2000,,,84102480.0,ns,850
insert,HashMap,2000,,,84157020.0,ns,860
insert,HashMap,2000,,,89209117.0,ns,870
insert,HashMap,2000,,,87261043.0,ns,880
insert,HashMap,2000,,,89064228.0,ns,890
insert,HashMap,2000,,,88963198.0,ns,900
insert,HashMap,2000,,,99290442.0,ns,910
insert,HashMap,2000,,,90884267.0,ns,920
insert,HashMap,2000,,,93135654.0,ns,930
insert,HashMap,2000,,,92443176.0,ns,940
insert,HashMap,2000,,,93330999.0,ns,950
insert,HashMap,2000,,,93942836.0,ns,960
insert,HashMap,2000,,,94694555.0,ns,970
insert,HashMap,2000,,,98461939.0,ns,980
insert,HashMap,2000,,,96745899.0,ns,990
insert,HashMap,2000,,,99302466.0,ns,1000
