{"mean":{"confidence_interval":{"confidence_level":0.95,"lower_bound":50555.568594261196,"upper_bound":52716.89652195553},"point_estimate":51371.835548398194,"standard_error":589.6918274488829},"median":{"confidence_interval":{"confidence_level":0.95,"lower_bound":50069.83988174922,"upper_bound":50497.60909090909},"point_estimate":50270.89848484848,"standard_error":118.74722289445683},"median_abs_dev":{"confidence_interval":{"confidence_level":0.95,"lower_bound":609.3164661824692,"upper_bound":1248.840776776011},"point_estimate":855.5181961671778,"standard_error":186.24418923448562},"slope":{"confidence_interval":{"confidence_level":0.95,"lower_bound":50351.02155246116,"upper_bound":51090.65395966508},"point_estimate":50685.74993616078,"standard_error":189.2912559017659},"std_dev":{"confidence_interval":{"confidence_level":0.95,"lower_bound":1392.2219560214714,"upper_bound":9935.667292205375},"point_estimate":5946.872389779597,"standard_error":2911.3424247548724}}