{"mean":{"confidence_interval":{"confidence_level":0.95,"lower_bound":2084.085707273222,"upper_bound":2131.171631622678},"point_estimate":2105.3331215600374,"standard_error":12.100992201932739},"median":{"confidence_interval":{"confidence_level":0.95,"lower_bound":2067.3976793248944,"upper_bound":2081.309622772215},"point_estimate":2074.171048684413,"standard_error":4.209395411890552},"median_abs_dev":{"confidence_interval":{"confidence_level":0.95,"lower_bound":26.556569203248955,"upper_bound":47.56452479890496},"point_estimate":40.26891818210079,"standard_error":5.457070440965564},"slope":{"confidence_interval":{"confidence_level":0.95,"lower_bound":2074.5559919692873,"upper_bound":2103.687457323594},"point_estimate":2088.067865753324,"standard_error":7.447899604058538},"std_dev":{"confidence_interval":{"confidence_level":0.95,"lower_bound":58.527056822219706,"upper_bound":168.4267535404125},"point_estimate":122.03846037391368,"standard_error":27.15986939993167}}