group,function,value,throughput_num,throughput_type,sample_measured_value,unit,iteration_count
get,HashMap,50,,,979823.0,ns,474
get,HashMap,50,,,1951814.0,ns,948
get,HashMap,50,,,2808961.0,ns,1422
get,HashMap,50,,,3963746.0,ns,1896
get,HashMap,50,,,5466014.0,ns,2370
get,HashMap,50,,,6019198.0,ns,2844
get,HashMap,50,,,7657686.0,ns,3318
get,HashMap,50,,,8058738.0,ns,3792
get,HashMap,50,,,11762357.0,ns,4266
get,HashMap,50,,,12584796.0,ns,4740
get,HashMap,50,,,10641905.0,ns,5214
get,HashMap,50,,,12926541.0,ns,5688
get,HashMap,50,,,12989239.0,ns,6162
get,HashMap,50,,,13719251.0,ns,6636
get,HashMap,50,,,14371862.0,ns,7110
get,HashMap,50,,,15582306.0,ns,7584
get,HashMap,50,,,16677352.0,ns,8058
get,HashMap,50,,,17746201.0,ns,8532
get,HashMap,50,,,19153400.0,ns,9006
get,HashMap,50,,,19733781.0,ns,9480
get,HashMap,50,,,20418648.0,ns,9954
get,HashMap,50,,,21405774.0,ns,10428
get,HashMap,50,,,22681700.0,ns,10902
get,HashMap,50,,,23174294.0,ns,11376
get,HashMap,50,,,24101207.0,ns,11850
get,HashMap,50,,,25492161.0,ns,12324
get,HashMap,50,,,26370689.0,ns,12798
get,HashMap,50,,,26719963.0,ns,13272
get,HashMap,50,,,29437621.0,ns,13746
get,HashMap,50,,,38770057.0,ns,14220
get,HashMap,50,,,30548209.0,ns,14694
get,HashMap,50,,,31580843.0,ns,15168
get,HashMap,50,,,33010582.0,ns,15642
get,HashMap,50,,,33285443.0,ns,16116
get,HashMap,50,,,34397189.0,ns,16590
get,HashMap,50,,,35472896.0,ns,17064
get,HashMap,50,,,37709729.0,ns,17538
get,HashMap,50,,,37565822.0,ns,18012
get,HashMap,50,,,37746486.0,ns,18486
get,HashMap,50,,,39686097.0,ns,18960
get,HashMap,50,,,40259747.0,ns,19434
get,HashMap,50,,,40569392.0,ns,19908
get,HashMap,50,,,42383775.0,ns,20382
get,HashMap,50,,,45026701.0,ns,20856
get,HashMap,50,,,44385067.0,ns,21330
get,HashMap,50,,,45999550.0,ns,21804
get,HashMap,50,,,47505813.0,ns,22278
get,HashMap,50,,,47570637.0,ns,22752
get,HashMap,50,,,47469174.0,ns,23226
get,HashMap,50,,,48860008.0,ns,23700
get,HashMap,50,,,50928113.0,ns,24174
get,HashMap,50,,,50884064.0,ns,24648
get,HashMap,50,,,51384735.0,ns,25122
get,HashMap,50,,,53154801.0,ns,25596
get,HashMap,50,,,53390444.0,ns,26070
get,HashMap,50,,,55796346.0,ns,26544
get,HashMap,50,,,55875128.0,ns,27018
get,HashMap,50,,,57876360.0,ns,27492
get,HashMap,50,,,57617708.0,ns,27966
get,HashMap,50,,,58187419.0,ns,28440
get,HashMap,50,,,58874876.0,ns,28914
get,HashMap,50,,,60448447.0,ns,29388
get,HashMap,50,,,64947529.0,ns,29862
get,HashMap,50,,,62965006.0,ns,30336
get,HashMap,50,,,63364402.0,ns,30810
get,HashMap,50,,,63783951.0,ns,31284
get,HashMap,50,,,66098231.0,ns,31758
get,HashMap,50,,,65674282.0,ns,32232
get,HashMap,50,,,66310921.0,ns,32706
get,HashMap,50,,,67236236.0,ns,33180
get,HashMap,50,,,76917941.0,ns,33654
get,HashMap,50,,,71511862.0,ns,34128
get,HashMap,50,,,71453758.0,ns,34602
get,HashMap,50,,,72624381.0,ns,35076
get,HashMap,50,,,72959059.0,ns,35550
get,HashMap,50,,,75942045.0,ns,36024
get,HashMap,50,,,77123459.0,ns,36498
get,HashMap,50,,,75527438.0,ns,36972
get,HashMap,50,,,78109256.0,ns,37446
get,HashMap,50,,,77748689.0,ns,37920
get,HashMap,50,,,79100885.0,ns,38394
get,HashMap,50,,,81102269.0,ns,38868
get,HashMap,50,,,83584045.0,ns,39342
get,HashMap,50,,,82457971.0,ns,39816
get,HashMap,50,,,83295315.0,ns,40290
get,HashMap,50,,,84584210.0,ns,40764
get,HashMap,50,,,84160305.0,ns,41238
get,HashMap,50,,,86361348.0,ns,41712
get,HashMap,50,,,88642359.0,ns,42186
get,HashMap,50,,,89647311.0,ns,42660
get,HashMap,50,,,93045579.0,ns,43134
get,HashMap,50,,,89560337.0,ns,43608
get,HashMap,50,,,94750975.0,ns,44082
get,HashMap,50,,,90902088.0,ns,44556
get,HashMap,50,,,101919791.0,ns,45030
get,HashMap,50,,,96634152.0,ns,45504
get,HashMap,50,,,96786254.0,ns,45978
get,HashMap,50,,,95362644.0,ns,46452
get,HashMap,50,,,95736134.0,ns,46926
get,HashMap,50,,,98102027.0,ns,47400
