group,function,value,throughput_num,throughput_type,sample_measured_value,unit,iteration_count
map operations,BSTMap,50,,,1090995.0,ns,63
map operations,BSTMap,50,,,1854982.0,ns,126
map operations,BSTMap,50,,,2933128.0,ns,189
map operations,BSTMap,50,,,4029657.0,ns,252
map operations,BSTMap,50,,,5613643.0,ns,315
map operations,BSTMap,50,,,6176483.0,ns,378
map operations,BSTMap,50,,,7577766.0,ns,441
map operations,BSTMap,50,,,8120606.0,ns,504
map operations,BSTMap,50,,,9689527.0,ns,567
map operations,BSTMap,50,,,11116430.0,ns,630
map operations,BSTMap,50,,,11879673.0,ns,693
map operations,BSTMap,50,,,12695527.0,ns,756
map operations,BSTMap,50,,,13580072.0,ns,819
map operations,BSTMap,50,,,14488671.0,ns,882
map operations,BSTMap,50,,,14464782.0,ns,945
map operations,BSTMap,50,,,15351978.0,ns,1008
map operations,BSTMap,50,,,16454034.0,ns,1071
map operations,BSTMap,50,,,17470611.0,ns,1134
map operations,BSTMap,50,,,18352642.0,ns,1197
map operations,BSTMap,50,,,19253872.0,ns,1260
map operations,BSTMap,50,,,20087282.0,ns,1323
map operations,BSTMap,50,,,21020590.0,ns,1386
map operations,BSTMap,50,,,22576102.0,ns,1449
map operations,BSTMap,50,,,23305176.0,ns,1512
map operations,BSTMap,50,,,25279163.0,ns,1575
map operations,BSTMap,50,,,25237948.0,ns,1638
map operations,BSTMap,50,,,26359738.0,ns,1701
map operations,BSTMap,50,,,26606153.0,ns,1764
map operations,BSTMap,50,,,28726159.0,ns,1827
map operations,BSTMap,50,,,29939446.0,ns,1890
map operations,BSTMap,50,,,30024818.0,ns,1953
map operations,BSTMap,50,,,31321805.0,ns,2016
map operations,BSTMap,50,,,32633908.0,ns,2079
map operations,BSTMap,50,,,35499500.0,ns,2142
map operations,BSTMap,50,,,33570886.0,ns,2205
map operations,BSTMap,50,,,35392519.0,ns,2268
map operations,BSTMap,50,,,37988166.0,ns,2331
map operations,BSTMap,50,,,37164683.0,ns,2394
map operations,BSTMap,50,,,38252578.0,ns,2457
map operations,BSTMap,50,,,38904092.0,ns,2520
map operations,BSTMap,50,,,39764214.0,ns,2583
map operations,BSTMap,50,,,40721101.0,ns,2646
map operations,BSTMap,50,,,42028451.0,ns,2709
map operations,BSTMap,50,,,43473466.0,ns,2772
map operations,BSTMap,50,,,44250915.0,ns,2835
map operations,BSTMap,50,,,44438339.0,ns,2898
map operations,BSTMap,50,,,46690575.0,ns,2961
map operations,BSTMap,50,,,46506967.0,ns,3024
map operations,BSTMap,50,,,47317706.0,ns,3087
map operations,BSTMap,50,,,47758431.0,ns,3150
map operations,BSTMap,50,,,60023194.0,ns,3213
map operations,BSTMap,50,,,50234578.0,ns,3276
map operations,BSTMap,50,,,51517560.0,ns,3339
map operations,BSTMap,50,,,52064330.0,ns,3402
map operations,BSTMap,50,,,53192698.0,ns,3465
map operations,BSTMap,50,,,55717709.0,ns,3528
map operations,BSTMap,50,,,54983226.0,ns,3591
map operations,BSTMap,50,,,55693085.0,ns,3654
map operations,BSTMap,50,,,59118449.0,ns,3717
map operations,BSTMap,50,,,62176406.0,ns,3780
map operations,BSTMap,50,,,63160042.0,ns,3843
map operations,BSTMap,50,,,61877176.0,ns,3906
map operations,BSTMap,50,,,64418189.0,ns,3969
map operations,BSTMap,50,,,66290554.0,ns,4032
map operations,BSTMap,50,,,66905220.0,ns,4095
map operations,BSTMap,50,,,64403165.0,ns,4158
map operations,BSTMap,50,,,64916432.0,ns,4221
map operations,BSTMap,50,,,66829688.0,ns,4284
map operations,BSTMap,50,,,66675374.0,ns,4347
map operations,BSTMap,50,,,68438766.0,ns,4410
map operations,BSTMap,50,,,70964420.0,ns,4473
map operations,BSTMap,50,,,71692192.0,ns,4536
map operations,BSTMap,50,,,70657002.0,ns,4599
map operations,BSTMap,50,,,72059866.0,ns,4662
map operations,BSTMap,50,,,73934683.0,ns,4725
map operations,BSTMap,50,,,75469805.0,ns,4788
map operations,BSTMap,50,,,75494414.0,ns,4851
map operations,BSTMap,50,,,75957784.0,ns,4914
map operations,BSTMap,50,,,79133562.0,ns,4977
map operations,BSTMap,50,,,77536757.0,ns,5040
map operations,BSTMap,50,,,87108262.0,ns,5103
map operations,BSTMap,50,,,81205221.0,ns,5166
map operations,BSTMap,50,,,81228340.0,ns,5229
map operations,BSTMap,50,,,81325768.0,ns,5292
map operations,BSTMap,50,,,84146463.0,ns,5355
map operations,BSTMap,50,,,85827229.0,ns,5418
map operations,BSTMap,50,,,85092729.0,ns,5481
map operations,BSTMap,50,,,86557728.0,ns,5544
map operations,BSTMap,50,,,90977625.0,ns,5607
map operations,BSTMap,50,,,89067654.0,ns,5670
map operations,BSTMap,50,,,88243280.0,ns,5733
map operations,BSTMap,50,,,89482605.0,ns,5796
map operations,BSTMap,50,,,96503621.0,ns,5859
map operations,BSTMap,50,,,94966837.0,ns,5922
map operations,BSTMap,50,,,92273944.0,ns,5985
map operations,BSTMap,50,,,95852076.0,ns,6048
map operations,BSTMap,50,,,94041350.0,ns,6111
map operations,BSTMap,50,,,95520849.0,ns,6174
map operations,BSTMap,50,,,98995562.0,ns,6237
map operations,BSTMap,50,,,98727527.0,ns,6300
